Brand,Title,Size,Price,List Price,Discount %,Rating,Review Count,Link
Safari,Safari,Medium,2099,8999,76.68,4.0,0,https://www.amazon.in/sspa/click?ie=UTF8&spc=MTo4MTI2NDg5ODg5NTI0MTE5OjE3NzUwNjAxNjY6c3BfYXRmOjMwMDU4NjA1NDkyODEzMjo6MDo6&url=%2FSafari-Polycarbonate-Wheeling-Suitcase-Champagne%2Fdp%2FB0F9FMQZWN%2Fref%3Dsr_1_1_sspa%3Fdib%3DeyJ2IjoiMSJ9.TjyGWVjANMUYJ81SCTsN0HRsl8roM4TyrEXGVXmfyFIjHnEg07E194bMiNXXDQ7LmQQl1PFv55hW6ZOfyt7hS7N5mM5zjsEZLvMwUZDK1s5abP6v-Cn9yAhNSejae0Hj6i-Feo6mCtkha_pfR-lW2cIELS6IMOGEtqCljC4wzHp4UObq0R3Hj9RA3KOI_vjQB79HD9yMd52PDDWqZLHEsj0ky9eamZQ3PpxBXFKE1-oDK2YqszI49WxADOk5ipK61FI75o3G_uCftFlLTglPp_vLeJXVQQ1JwSDViSkdCKU.iXM5RduQ0r-fG1u4LegXDLJzvTVr4DOgRxfkTuEOBw4%26dib_tag%3Dse%26keywords%3DSafari%2Bluggage%26qid%3D1775060166%26sr%3D8-1-spons%26aref%3DvkYv9kYlV4%26sp_csd%3Dd2lkZ2V0TmFtZT1zcF9hdGY%26psc%3D1&aref=vkYv9kYlV4&sp_cr=ZAZ
Safari,Safari,Medium,2099,7140,70.6,4.1,0,https://www.amazon.in/sspa/click?ie=UTF8&spc=MTo4MTI2NDg5ODg5NTI0MTE5OjE3NzUwNjAxNjY6c3BfYXRmOjMwMDcyMzM2MjMwMDgzMjo6MDo6&url=%2FSafari-Polycarbonate-Hardsided-Luggage-Suitcase%2Fdp%2FB097JK62G2%2Fref%3Dsr_1_2_sspa%3Fdib%3DeyJ2IjoiMSJ9.TjyGWVjANMUYJ81SCTsN0HRsl8roM4TyrEXGVXmfyFIjHnEg07E194bMiNXXDQ7LmQQl1PFv55hW6ZOfyt7hS7N5mM5zjsEZLvMwUZDK1s5abP6v-Cn9yAhNSejae0Hj6i-Feo6mCtkha_pfR-lW2cIELS6IMOGEtqCljC4wzHp4UObq0R3Hj9RA3KOI_vjQB79HD9yMd52PDDWqZLHEsj0ky9eamZQ3PpxBXFKE1-oDK2YqszI49WxADOk5ipK61FI75o3G_uCftFlLTglPp_vLeJXVQQ1JwSDViSkdCKU.iXM5RduQ0r-fG1u4LegXDLJzvTVr4DOgRxfkTuEOBw4%26dib_tag%3Dse%26keywords%3DSafari%2Bluggage%26qid%3D1775060166%26sr%3D8-2-spons%26aref%3DURMelem8LG%26sp_csd%3Dd2lkZ2V0TmFtZT1zcF9hdGY%26psc%3D1&aref=URMelem8LG&sp_cr=ZAZ
Safari,Safari,Medium,4799,27997,82.86,4.0,0,https://www.amazon.in/sspa/click?ie=UTF8&spc=MTo4MTI2NDg5ODg5NTI0MTE5OjE3NzUwNjAxNjY6c3BfYXRmOjMwMDU1MTc1MTEyMDUzMjo6MDo6&url=%2FSafari-Trolley-Polypropylene-Wheeling-Suitcase%2Fdp%2FB0F67G7R9M%2Fref%3Dsr_1_3_sspa%3Fdib%3DeyJ2IjoiMSJ9.TjyGWVjANMUYJ81SCTsN0HRsl8roM4TyrEXGVXmfyFIjHnEg07E194bMiNXXDQ7LmQQl1PFv55hW6ZOfyt7hS7N5mM5zjsEZLvMwUZDK1s5abP6v-Cn9yAhNSejae0Hj6i-Feo6mCtkha_pfR-lW2cIELS6IMOGEtqCljC4wzHp4UObq0R3Hj9RA3KOI_vjQB79HD9yMd52PDDWqZLHEsj0ky9eamZQ3PpxBXFKE1-oDK2YqszI49WxADOk5ipK61FI75o3G_uCftFlLTglPp_vLeJXVQQ1JwSDViSkdCKU.iXM5RduQ0r-fG1u4LegXDLJzvTVr4DOgRxfkTuEOBw4%26dib_tag%3Dse%26keywords%3DSafari%2Bluggage%26qid%3D1775060166%26sr%3D8-3-spons%26aref%3DYHIgaf5Bsh%26sp_csd%3Dd2lkZ2V0TmFtZT1zcF9hdGY%26psc%3D1&aref=YHIgaf5Bsh&sp_cr=ZAZ
Safari,Safari,Medium,1699,8999,81.12,4.2,0,https://www.amazon.in/sspa/click?ie=UTF8&spc=MTo4MTI2NDg5ODg5NTI0MTE5OjE3NzUwNjAxNjY6c3BfYXRmOjMwMDYyMDg3MzA2MDAzMjo6MDo6&url=%2FSafari-Pentagon-Polypropylene-Wheeling-Suitcase%2Fdp%2FB097BG27MD%2Fref%3Dsr_1_4_sspa%3Fdib%3DeyJ2IjoiMSJ9.TjyGWVjANMUYJ81SCTsN0HRsl8roM4TyrEXGVXmfyFIjHnEg07E194bMiNXXDQ7LmQQl1PFv55hW6ZOfyt7hS7N5mM5zjsEZLvMwUZDK1s5abP6v-Cn9yAhNSejae0Hj6i-Feo6mCtkha_pfR-lW2cIELS6IMOGEtqCljC4wzHp4UObq0R3Hj9RA3KOI_vjQB79HD9yMd52PDDWqZLHEsj0ky9eamZQ3PpxBXFKE1-oDK2YqszI49WxADOk5ipK61FI75o3G_uCftFlLTglPp_vLeJXVQQ1JwSDViSkdCKU.iXM5RduQ0r-fG1u4LegXDLJzvTVr4DOgRxfkTuEOBw4%26dib_tag%3Dse%26keywords%3DSafari%2Bluggage%26qid%3D1775060166%26sr%3D8-4-spons%26aref%3Dftyl9PtuKX%26sp_csd%3Dd2lkZ2V0TmFtZT1zcF9hdGY%26psc%3D1&aref=ftyl9PtuKX&sp_cr=ZAZ
Safari,Safari,Medium,1899,8999,78.9,4.0,0,https://www.amazon.in/Safari-Trolley-Polypropylene-Wheeling-Suitcase/dp/B0FLYG5Y79/ref=sr_1_5?dib=eyJ2IjoiMSJ9.TjyGWVjANMUYJ81SCTsN0HRsl8roM4TyrEXGVXmfyFIjHnEg07E194bMiNXXDQ7LmQQl1PFv55hW6ZOfyt7hS7N5mM5zjsEZLvMwUZDK1s5abP6v-Cn9yAhNSejae0Hj6i-Feo6mCtkha_pfR-lW2cIELS6IMOGEtqCljC4wzHp4UObq0R3Hj9RA3KOI_vjQB79HD9yMd52PDDWqZLHEsj0ky9eamZQ3PpxBXFKE1-oDK2YqszI49WxADOk5ipK61FI75o3G_uCftFlLTglPp_vLeJXVQQ1JwSDViSkdCKU.iXM5RduQ0r-fG1u4LegXDLJzvTVr4DOgRxfkTuEOBw4&dib_tag=se&keywords=Safari+luggage&qid=1775060166&sr=8-5
Safari,Safari,Medium,1699,8999,81.12,4.2,0,https://www.amazon.in/Safari-Pentagon-Polypropylene-Wheeling-Suitcase/dp/B097BH338H/ref=sr_1_6?dib=eyJ2IjoiMSJ9.TjyGWVjANMUYJ81SCTsN0HRsl8roM4TyrEXGVXmfyFIjHnEg07E194bMiNXXDQ7LmQQl1PFv55hW6ZOfyt7hS7N5mM5zjsEZLvMwUZDK1s5abP6v-Cn9yAhNSejae0Hj6i-Feo6mCtkha_pfR-lW2cIELS6IMOGEtqCljC4wzHp4UObq0R3Hj9RA3KOI_vjQB79HD9yMd52PDDWqZLHEsj0ky9eamZQ3PpxBXFKE1-oDK2YqszI49WxADOk5ipK61FI75o3G_uCftFlLTglPp_vLeJXVQQ1JwSDViSkdCKU.iXM5RduQ0r-fG1u4LegXDLJzvTVr4DOgRxfkTuEOBw4&dib_tag=se&keywords=Safari+luggage&qid=1775060166&sr=8-6
Safari,Safari,Medium,1899,8999,78.9,4.0,0,https://www.amazon.in/Safari-Polypropylene-Wheeling-Suitcase-Flintstone/dp/B0FLYJ6H77/ref=sr_1_7?dib=eyJ2IjoiMSJ9.TjyGWVjANMUYJ81SCTsN0HRsl8roM4TyrEXGVXmfyFIjHnEg07E194bMiNXXDQ7LmQQl1PFv55hW6ZOfyt7hS7N5mM5zjsEZLvMwUZDK1s5abP6v-Cn9yAhNSejae0Hj6i-Feo6mCtkha_pfR-lW2cIELS6IMOGEtqCljC4wzHp4UObq0R3Hj9RA3KOI_vjQB79HD9yMd52PDDWqZLHEsj0ky9eamZQ3PpxBXFKE1-oDK2YqszI49WxADOk5ipK61FI75o3G_uCftFlLTglPp_vLeJXVQQ1JwSDViSkdCKU.iXM5RduQ0r-fG1u4LegXDLJzvTVr4DOgRxfkTuEOBw4&dib_tag=se&keywords=Safari+luggage&qid=1775060166&sr=8-7
Safari,Safari,Medium,4799,27997,82.86,4.0,0,https://www.amazon.in/Safari-Trolley-Polypropylene-Wheeling-Suitcase/dp/B0F67KYF8J/ref=sr_1_8?dib=eyJ2IjoiMSJ9.TjyGWVjANMUYJ81SCTsN0HRsl8roM4TyrEXGVXmfyFIjHnEg07E194bMiNXXDQ7LmQQl1PFv55hW6ZOfyt7hS7N5mM5zjsEZLvMwUZDK1s5abP6v-Cn9yAhNSejae0Hj6i-Feo6mCtkha_pfR-lW2cIELS6IMOGEtqCljC4wzHp4UObq0R3Hj9RA3KOI_vjQB79HD9yMd52PDDWqZLHEsj0ky9eamZQ3PpxBXFKE1-oDK2YqszI49WxADOk5ipK61FI75o3G_uCftFlLTglPp_vLeJXVQQ1JwSDViSkdCKU.iXM5RduQ0r-fG1u4LegXDLJzvTVr4DOgRxfkTuEOBw4&dib_tag=se&keywords=Safari+luggage&qid=1775060166&sr=8-8
Safari,Safari,Medium,1699,8999,81.12,4.2,0,https://www.amazon.in/Safari-Pentagon-Polypropylene-Wheeling-Suitcase/dp/B097BG27MD/ref=sr_1_9?dib=eyJ2IjoiMSJ9.TjyGWVjANMUYJ81SCTsN0HRsl8roM4TyrEXGVXmfyFIjHnEg07E194bMiNXXDQ7LmQQl1PFv55hW6ZOfyt7hS7N5mM5zjsEZLvMwUZDK1s5abP6v-Cn9yAhNSejae0Hj6i-Feo6mCtkha_pfR-lW2cIELS6IMOGEtqCljC4wzHp4UObq0R3Hj9RA3KOI_vjQB79HD9yMd52PDDWqZLHEsj0ky9eamZQ3PpxBXFKE1-oDK2YqszI49WxADOk5ipK61FI75o3G_uCftFlLTglPp_vLeJXVQQ1JwSDViSkdCKU.iXM5RduQ0r-fG1u4LegXDLJzvTVr4DOgRxfkTuEOBw4&dib_tag=se&keywords=Safari+luggage&qid=1775060166&sr=8-9
Safari,Safari,Medium,2499,9800,74.5,4.0,0,https://www.amazon.in/Safari-Polycarbonate-Wheeling-Speed_Wheel-Suitcase/dp/B097JMXLT9/ref=sr_1_10?dib=eyJ2IjoiMSJ9.TjyGWVjANMUYJ81SCTsN0HRsl8roM4TyrEXGVXmfyFIjHnEg07E194bMiNXXDQ7LmQQl1PFv55hW6ZOfyt7hS7N5mM5zjsEZLvMwUZDK1s5abP6v-Cn9yAhNSejae0Hj6i-Feo6mCtkha_pfR-lW2cIELS6IMOGEtqCljC4wzHp4UObq0R3Hj9RA3KOI_vjQB79HD9yMd52PDDWqZLHEsj0ky9eamZQ3PpxBXFKE1-oDK2YqszI49WxADOk5ipK61FI75o3G_uCftFlLTglPp_vLeJXVQQ1JwSDViSkdCKU.iXM5RduQ0r-fG1u4LegXDLJzvTVr4DOgRxfkTuEOBw4&dib_tag=se&keywords=Safari+luggage&qid=1775060166&sr=8-10
Safari,Safari,Medium,4799,27997,82.86,4.0,0,https://www.amazon.in/Safari-Trolley-Polypropylene-Wheeling-Suitcase/dp/B0F67G7R9M/ref=sr_1_11?dib=eyJ2IjoiMSJ9.TjyGWVjANMUYJ81SCTsN0HRsl8roM4TyrEXGVXmfyFIjHnEg07E194bMiNXXDQ7LmQQl1PFv55hW6ZOfyt7hS7N5mM5zjsEZLvMwUZDK1s5abP6v-Cn9yAhNSejae0Hj6i-Feo6mCtkha_pfR-lW2cIELS6IMOGEtqCljC4wzHp4UObq0R3Hj9RA3KOI_vjQB79HD9yMd52PDDWqZLHEsj0ky9eamZQ3PpxBXFKE1-oDK2YqszI49WxADOk5ipK61FI75o3G_uCftFlLTglPp_vLeJXVQQ1JwSDViSkdCKU.iXM5RduQ0r-fG1u4LegXDLJzvTVr4DOgRxfkTuEOBw4&dib_tag=se&keywords=Safari+luggage&qid=1775060166&sr=8-11
Safari,Safari,Medium,2299,10999,79.1,4.2,0,https://www.amazon.in/Safari-Pentagon-Polypropylene-Wheeling-Suitcase/dp/B097GR45SS/ref=sr_1_12?dib=eyJ2IjoiMSJ9.TjyGWVjANMUYJ81SCTsN0HRsl8roM4TyrEXGVXmfyFIjHnEg07E194bMiNXXDQ7LmQQl1PFv55hW6ZOfyt7hS7N5mM5zjsEZLvMwUZDK1s5abP6v-Cn9yAhNSejae0Hj6i-Feo6mCtkha_pfR-lW2cIELS6IMOGEtqCljC4wzHp4UObq0R3Hj9RA3KOI_vjQB79HD9yMd52PDDWqZLHEsj0ky9eamZQ3PpxBXFKE1-oDK2YqszI49WxADOk5ipK61FI75o3G_uCftFlLTglPp_vLeJXVQQ1JwSDViSkdCKU.iXM5RduQ0r-fG1u4LegXDLJzvTVr4DOgRxfkTuEOBw4&dib_tag=se&keywords=Safari+luggage&qid=1775060166&sr=8-12
Safari,Safari,Medium,2299,10999,79.1,4.2,0,https://www.amazon.in/Safari-Polypropylene-Pentagon-Wheeling-Suitcase/dp/B097BH2T5B/ref=sr_1_13?dib=eyJ2IjoiMSJ9.TjyGWVjANMUYJ81SCTsN0HRsl8roM4TyrEXGVXmfyFIjHnEg07E194bMiNXXDQ7LmQQl1PFv55hW6ZOfyt7hS7N5mM5zjsEZLvMwUZDK1s5abP6v-Cn9yAhNSejae0Hj6i-Feo6mCtkha_pfR-lW2cIELS6IMOGEtqCljC4wzHp4UObq0R3Hj9RA3KOI_vjQB79HD9yMd52PDDWqZLHEsj0ky9eamZQ3PpxBXFKE1-oDK2YqszI49WxADOk5ipK61FI75o3G_uCftFlLTglPp_vLeJXVQQ1JwSDViSkdCKU.iXM5RduQ0r-fG1u4LegXDLJzvTVr4DOgRxfkTuEOBw4&dib_tag=se&keywords=Safari+luggage&qid=1775060166&sr=8-13
Safari,Safari,Medium,2499,9800,74.5,4.0,0,https://www.amazon.in/Safari-Polycarbonate-Wheeling-Speed_Wheel-Suitcase/dp/B097JLP1SV/ref=sr_1_14?dib=eyJ2IjoiMSJ9.TjyGWVjANMUYJ81SCTsN0HRsl8roM4TyrEXGVXmfyFIjHnEg07E194bMiNXXDQ7LmQQl1PFv55hW6ZOfyt7hS7N5mM5zjsEZLvMwUZDK1s5abP6v-Cn9yAhNSejae0Hj6i-Feo6mCtkha_pfR-lW2cIELS6IMOGEtqCljC4wzHp4UObq0R3Hj9RA3KOI_vjQB79HD9yMd52PDDWqZLHEsj0ky9eamZQ3PpxBXFKE1-oDK2YqszI49WxADOk5ipK61FI75o3G_uCftFlLTglPp_vLeJXVQQ1JwSDViSkdCKU.iXM5RduQ0r-fG1u4LegXDLJzvTVr4DOgRxfkTuEOBw4&dib_tag=se&keywords=Safari+luggage&qid=1775060166&sr=8-14
Safari,Safari,Medium,1599,7199,77.79,4.1,0,https://www.amazon.in/Safari-Trolley-Polycarbonate-Wheeling-Suitcase/dp/B0FNDBNFDB/ref=sr_1_15?dib=eyJ2IjoiMSJ9.TjyGWVjANMUYJ81SCTsN0HRsl8roM4TyrEXGVXmfyFIjHnEg07E194bMiNXXDQ7LmQQl1PFv55hW6ZOfyt7hS7N5mM5zjsEZLvMwUZDK1s5abP6v-Cn9yAhNSejae0Hj6i-Feo6mCtkha_pfR-lW2cIELS6IMOGEtqCljC4wzHp4UObq0R3Hj9RA3KOI_vjQB79HD9yMd52PDDWqZLHEsj0ky9eamZQ3PpxBXFKE1-oDK2YqszI49WxADOk5ipK61FI75o3G_uCftFlLTglPp_vLeJXVQQ1JwSDViSkdCKU.iXM5RduQ0r-fG1u4LegXDLJzvTVr4DOgRxfkTuEOBw4&dib_tag=se&keywords=Safari+luggage&qid=1775060166&sr=8-15
Skybags,Skybags,Medium,2499,7790,67.92,4.2,0,https://www.amazon.in/sspa/click?ie=UTF8&spc=MToyMTQzNTgwMjkyODExOTA6MTc3NTA2MDE4NDpzcF9hdGY6MzAwMTU3MzM2NzQxMTMyOjowOjo&url=%2FSkybags-Footloose-Polyester-Softsided-STRUW68EBLU%2Fdp%2FB073JWDLXZ%2Fref%3Dsr_1_1_sspa%3Fdib%3DeyJ2IjoiMSJ9.XzVehHMTCz2kvErcl1o2G9xMbD9JEt8Esmr8zaDFWBofS5u-D4FEJdP7tbtqEiY911VcLKf8p0ED6c_KDuVmanfN6g5QX17VoEcPWTjtKNeJlLHsMNx6m2fgzpWF8jDtrQDKm1NUB70rzX1vuwvW5sJ74HV50HYiSv8TkwumHJDoysxnltBD2lQVVgHDwblSckg6oA37fU1rQrZisfWkLDSAF7Ga-1zSp09vNxRJyYYANRPR4uwF1Qkv3uuGDutlHQIepn1G6csQb7Uy-d6kpQ3g7Lp4KT5cqyE6HCWyeL8.dD_odFpZZt5qE1O8iBAb-ug9fGhnnQZlTSFjjctq-Tg%26dib_tag%3Dse%26keywords%3DSkybags%2Bluggage%26qid%3D1775060184%26sr%3D8-1-spons%26aref%3DLDQjR7vz1i%26sp_csd%3Dd2lkZ2V0TmFtZT1zcF9hdGY%26psc%3D1&aref=LDQjR7vz1i&sp_cr=ZAZ
Skybags,Skybags,Medium,3744,10920,65.71,4.2,0,https://www.amazon.in/sspa/click?ie=UTF8&spc=MToyMTQzNTgwMjkyODExOTA6MTc3NTA2MDE4NDpzcF9hdGY6MzAwMzE3OTgxNDAyMTMyOjowOjo&url=%2FSkybags-Trooper-Luggage-Resetable-Combination%2Fdp%2FB0C8ZF42YV%2Fref%3Dsr_1_2_sspa%3Fdib%3DeyJ2IjoiMSJ9.XzVehHMTCz2kvErcl1o2G9xMbD9JEt8Esmr8zaDFWBofS5u-D4FEJdP7tbtqEiY911VcLKf8p0ED6c_KDuVmanfN6g5QX17VoEcPWTjtKNeJlLHsMNx6m2fgzpWF8jDtrQDKm1NUB70rzX1vuwvW5sJ74HV50HYiSv8TkwumHJDoysxnltBD2lQVVgHDwblSckg6oA37fU1rQrZisfWkLDSAF7Ga-1zSp09vNxRJyYYANRPR4uwF1Qkv3uuGDutlHQIepn1G6csQb7Uy-d6kpQ3g7Lp4KT5cqyE6HCWyeL8.dD_odFpZZt5qE1O8iBAb-ug9fGhnnQZlTSFjjctq-Tg%26dib_tag%3Dse%26keywords%3DSkybags%2Bluggage%26qid%3D1775060184%26sr%3D8-2-spons%26aref%3DR8Wx3ATRxr%26sp_csd%3Dd2lkZ2V0TmFtZT1zcF9hdGY%26psc%3D1&aref=R8Wx3ATRxr&sp_cr=ZAZ
Skybags,Skybags,Medium,2249,7500,70.01,4.2,0,https://www.amazon.in/sspa/click?ie=UTF8&spc=MToyMTQzNTgwMjkyODExOTA6MTc3NTA2MDE4NDpzcF9hdGY6MzAwODA4MDUyODMyMDMyOjowOjo&url=%2FSkybags-Hardside-Combination-Polypropylene-International%2Fdp%2FB0FFBBFSY3%2Fref%3Dsr_1_3_sspa%3Fdib%3DeyJ2IjoiMSJ9.XzVehHMTCz2kvErcl1o2G9xMbD9JEt8Esmr8zaDFWBofS5u-D4FEJdP7tbtqEiY911VcLKf8p0ED6c_KDuVmanfN6g5QX17VoEcPWTjtKNeJlLHsMNx6m2fgzpWF8jDtrQDKm1NUB70rzX1vuwvW5sJ74HV50HYiSv8TkwumHJDoysxnltBD2lQVVgHDwblSckg6oA37fU1rQrZisfWkLDSAF7Ga-1zSp09vNxRJyYYANRPR4uwF1Qkv3uuGDutlHQIepn1G6csQb7Uy-d6kpQ3g7Lp4KT5cqyE6HCWyeL8.dD_odFpZZt5qE1O8iBAb-ug9fGhnnQZlTSFjjctq-Tg%26dib_tag%3Dse%26keywords%3DSkybags%2Bluggage%26qid%3D1775060184%26sr%3D8-3-spons%26aref%3DMT6cBHQPgH%26sp_csd%3Dd2lkZ2V0TmFtZT1zcF9hdGY%26psc%3D1&aref=MT6cBHQPgH&sp_cr=ZAZ
Skybags,Urban Jungle,Medium,8245,9499,13.2,4.2,0,https://www.amazon.in/sspa/click?ie=UTF8&spc=MToyMTQzNTgwMjkyODExOTA6MTc3NTA2MDE4NDpzcF9hdGY6MzAwNzg5MjA2NjI1NDMyOjowOjo&url=%2FUrban-Jungle-Lumolite-Capacity-Polycarbonate%2Fdp%2FB097B4V2NX%2Fref%3Dsr_1_4_sspa%3Fdib%3DeyJ2IjoiMSJ9.XzVehHMTCz2kvErcl1o2G9xMbD9JEt8Esmr8zaDFWBofS5u-D4FEJdP7tbtqEiY911VcLKf8p0ED6c_KDuVmanfN6g5QX17VoEcPWTjtKNeJlLHsMNx6m2fgzpWF8jDtrQDKm1NUB70rzX1vuwvW5sJ74HV50HYiSv8TkwumHJDoysxnltBD2lQVVgHDwblSckg6oA37fU1rQrZisfWkLDSAF7Ga-1zSp09vNxRJyYYANRPR4uwF1Qkv3uuGDutlHQIepn1G6csQb7Uy-d6kpQ3g7Lp4KT5cqyE6HCWyeL8.dD_odFpZZt5qE1O8iBAb-ug9fGhnnQZlTSFjjctq-Tg%26dib_tag%3Dse%26keywords%3DSkybags%2Bluggage%26qid%3D1775060184%26sr%3D8-4-spons%26aref%3DVmHon63wng%26sp_csd%3Dd2lkZ2V0TmFtZT1zcF9hdGY%26psc%3D1&aref=VmHon63wng&sp_cr=ZAZ
Skybags,Skybags,Medium,3099,9050,65.76,4.2,0,https://www.amazon.in/Skybags-Polyester-Softsided-Luggage-STRUB78EBLU/dp/B07HCRSLFY/ref=sr_1_5?dib=eyJ2IjoiMSJ9.XzVehHMTCz2kvErcl1o2G9xMbD9JEt8Esmr8zaDFWBofS5u-D4FEJdP7tbtqEiY911VcLKf8p0ED6c_KDuVmanfN6g5QX17VoEcPWTjtKNeJlLHsMNx6m2fgzpWF8jDtrQDKm1NUB70rzX1vuwvW5sJ74HV50HYiSv8TkwumHJDoysxnltBD2lQVVgHDwblSckg6oA37fU1rQrZisfWkLDSAF7Ga-1zSp09vNxRJyYYANRPR4uwF1Qkv3uuGDutlHQIepn1G6csQb7Uy-d6kpQ3g7Lp4KT5cqyE6HCWyeL8.dD_odFpZZt5qE1O8iBAb-ug9fGhnnQZlTSFjjctq-Tg&dib_tag=se&keywords=Skybags+luggage&qid=1775060184&sr=8-5
Skybags,Skybags,Medium,1624,4450,63.51,4.1,0,https://www.amazon.in/Skybags-Luggage-Printed-Trolley-Combination/dp/B0C8ZY4579/ref=sr_1_6?dib=eyJ2IjoiMSJ9.XzVehHMTCz2kvErcl1o2G9xMbD9JEt8Esmr8zaDFWBofS5u-D4FEJdP7tbtqEiY911VcLKf8p0ED6c_KDuVmanfN6g5QX17VoEcPWTjtKNeJlLHsMNx6m2fgzpWF8jDtrQDKm1NUB70rzX1vuwvW5sJ74HV50HYiSv8TkwumHJDoysxnltBD2lQVVgHDwblSckg6oA37fU1rQrZisfWkLDSAF7Ga-1zSp09vNxRJyYYANRPR4uwF1Qkv3uuGDutlHQIepn1G6csQb7Uy-d6kpQ3g7Lp4KT5cqyE6HCWyeL8.dD_odFpZZt5qE1O8iBAb-ug9fGhnnQZlTSFjjctq-Tg&dib_tag=se&keywords=Skybags+luggage&qid=1775060184&sr=8-6
Skybags,Skybags,Medium,2021,6825,70.39,4.2,0,https://www.amazon.in/Skybags-Trooper-Hardsided-Spinner-Suitcase/dp/B0C8ZFXCB6/ref=sr_1_7?dib=eyJ2IjoiMSJ9.XzVehHMTCz2kvErcl1o2G9xMbD9JEt8Esmr8zaDFWBofS5u-D4FEJdP7tbtqEiY911VcLKf8p0ED6c_KDuVmanfN6g5QX17VoEcPWTjtKNeJlLHsMNx6m2fgzpWF8jDtrQDKm1NUB70rzX1vuwvW5sJ74HV50HYiSv8TkwumHJDoysxnltBD2lQVVgHDwblSckg6oA37fU1rQrZisfWkLDSAF7Ga-1zSp09vNxRJyYYANRPR4uwF1Qkv3uuGDutlHQIepn1G6csQb7Uy-d6kpQ3g7Lp4KT5cqyE6HCWyeL8.dD_odFpZZt5qE1O8iBAb-ug9fGhnnQZlTSFjjctq-Tg&dib_tag=se&keywords=Skybags+luggage&qid=1775060184&sr=8-7
Skybags,Skybags,Medium,1089,4620,76.43,4.2,0,https://www.amazon.in/Skybags-Cardiff-Polyester-Travel-DFTCAR62ERED/dp/B073JSGMRS/ref=sr_1_8?dib=eyJ2IjoiMSJ9.XzVehHMTCz2kvErcl1o2G9xMbD9JEt8Esmr8zaDFWBofS5u-D4FEJdP7tbtqEiY911VcLKf8p0ED6c_KDuVmanfN6g5QX17VoEcPWTjtKNeJlLHsMNx6m2fgzpWF8jDtrQDKm1NUB70rzX1vuwvW5sJ74HV50HYiSv8TkwumHJDoysxnltBD2lQVVgHDwblSckg6oA37fU1rQrZisfWkLDSAF7Ga-1zSp09vNxRJyYYANRPR4uwF1Qkv3uuGDutlHQIepn1G6csQb7Uy-d6kpQ3g7Lp4KT5cqyE6HCWyeL8.dD_odFpZZt5qE1O8iBAb-ug9fGhnnQZlTSFjjctq-Tg&dib_tag=se&keywords=Skybags+luggage&qid=1775060184&sr=8-8
Skybags,Skybags,Medium,1699,7060,75.93,4.4,0,https://www.amazon.in/Skybags-Paratrip-Luggage-Polypropylene-Oppulence/dp/B0CPSW5WJ5/ref=sr_1_9?dib=eyJ2IjoiMSJ9.XzVehHMTCz2kvErcl1o2G9xMbD9JEt8Esmr8zaDFWBofS5u-D4FEJdP7tbtqEiY911VcLKf8p0ED6c_KDuVmanfN6g5QX17VoEcPWTjtKNeJlLHsMNx6m2fgzpWF8jDtrQDKm1NUB70rzX1vuwvW5sJ74HV50HYiSv8TkwumHJDoysxnltBD2lQVVgHDwblSckg6oA37fU1rQrZisfWkLDSAF7Ga-1zSp09vNxRJyYYANRPR4uwF1Qkv3uuGDutlHQIepn1G6csQb7Uy-d6kpQ3g7Lp4KT5cqyE6HCWyeL8.dD_odFpZZt5qE1O8iBAb-ug9fGhnnQZlTSFjjctq-Tg&dib_tag=se&keywords=Skybags+luggage&qid=1775060184&sr=8-9
Skybags,Skybags,Medium,791,2230,64.53,4.2,0,https://www.amazon.in/Skybags-Cardiff-Polyester-Travel-DFCAR55BLU/dp/B073JYDK7P/ref=sr_1_10?dib=eyJ2IjoiMSJ9.XzVehHMTCz2kvErcl1o2G9xMbD9JEt8Esmr8zaDFWBofS5u-D4FEJdP7tbtqEiY911VcLKf8p0ED6c_KDuVmanfN6g5QX17VoEcPWTjtKNeJlLHsMNx6m2fgzpWF8jDtrQDKm1NUB70rzX1vuwvW5sJ74HV50HYiSv8TkwumHJDoysxnltBD2lQVVgHDwblSckg6oA37fU1rQrZisfWkLDSAF7Ga-1zSp09vNxRJyYYANRPR4uwF1Qkv3uuGDutlHQIepn1G6csQb7Uy-d6kpQ3g7Lp4KT5cqyE6HCWyeL8.dD_odFpZZt5qE1O8iBAb-ug9fGhnnQZlTSFjjctq-Tg&dib_tag=se&keywords=Skybags+luggage&qid=1775060184&sr=8-10
Skybags,Skybags,Medium,2249,7500,70.01,4.2,0,https://www.amazon.in/Skybags-Hardside-Combination-Polypropylene-International/dp/B0FFBBFSY3/ref=sr_1_11?dib=eyJ2IjoiMSJ9.XzVehHMTCz2kvErcl1o2G9xMbD9JEt8Esmr8zaDFWBofS5u-D4FEJdP7tbtqEiY911VcLKf8p0ED6c_KDuVmanfN6g5QX17VoEcPWTjtKNeJlLHsMNx6m2fgzpWF8jDtrQDKm1NUB70rzX1vuwvW5sJ74HV50HYiSv8TkwumHJDoysxnltBD2lQVVgHDwblSckg6oA37fU1rQrZisfWkLDSAF7Ga-1zSp09vNxRJyYYANRPR4uwF1Qkv3uuGDutlHQIepn1G6csQb7Uy-d6kpQ3g7Lp4KT5cqyE6HCWyeL8.dD_odFpZZt5qE1O8iBAb-ug9fGhnnQZlTSFjjctq-Tg&dib_tag=se&keywords=Skybags+luggage&qid=1775060184&sr=8-11
Skybags,Skybags,Medium,2749,7790,64.71,4.2,0,https://www.amazon.in/Skybags-Rubik-Polyester-Softsided-Luggage/dp/B07Z9WGXZD/ref=sr_1_12?dib=eyJ2IjoiMSJ9.XzVehHMTCz2kvErcl1o2G9xMbD9JEt8Esmr8zaDFWBofS5u-D4FEJdP7tbtqEiY911VcLKf8p0ED6c_KDuVmanfN6g5QX17VoEcPWTjtKNeJlLHsMNx6m2fgzpWF8jDtrQDKm1NUB70rzX1vuwvW5sJ74HV50HYiSv8TkwumHJDoysxnltBD2lQVVgHDwblSckg6oA37fU1rQrZisfWkLDSAF7Ga-1zSp09vNxRJyYYANRPR4uwF1Qkv3uuGDutlHQIepn1G6csQb7Uy-d6kpQ3g7Lp4KT5cqyE6HCWyeL8.dD_odFpZZt5qE1O8iBAb-ug9fGhnnQZlTSFjjctq-Tg&dib_tag=se&keywords=Skybags+luggage&qid=1775060184&sr=8-12
Skybags,Skybags,Medium,899,3000,70.03,4.3,0,https://www.amazon.in/Skybags-Polyester-Multiple-Separate-Compartment/dp/B0D919CMLP/ref=sr_1_13?dib=eyJ2IjoiMSJ9.XzVehHMTCz2kvErcl1o2G9xMbD9JEt8Esmr8zaDFWBofS5u-D4FEJdP7tbtqEiY911VcLKf8p0ED6c_KDuVmanfN6g5QX17VoEcPWTjtKNeJlLHsMNx6m2fgzpWF8jDtrQDKm1NUB70rzX1vuwvW5sJ74HV50HYiSv8TkwumHJDoysxnltBD2lQVVgHDwblSckg6oA37fU1rQrZisfWkLDSAF7Ga-1zSp09vNxRJyYYANRPR4uwF1Qkv3uuGDutlHQIepn1G6csQb7Uy-d6kpQ3g7Lp4KT5cqyE6HCWyeL8.dD_odFpZZt5qE1O8iBAb-ug9fGhnnQZlTSFjjctq-Tg&dib_tag=se&keywords=Skybags+luggage&qid=1775060184&sr=8-13
Skybags,Skybags,Medium,2599,6940,62.55,4.1,0,https://www.amazon.in/Skybags-Luggage-Printed-Trolley-Lime-Blue/dp/B0FQ2W6RPW/ref=sr_1_14?dib=eyJ2IjoiMSJ9.XzVehHMTCz2kvErcl1o2G9xMbD9JEt8Esmr8zaDFWBofS5u-D4FEJdP7tbtqEiY911VcLKf8p0ED6c_KDuVmanfN6g5QX17VoEcPWTjtKNeJlLHsMNx6m2fgzpWF8jDtrQDKm1NUB70rzX1vuwvW5sJ74HV50HYiSv8TkwumHJDoysxnltBD2lQVVgHDwblSckg6oA37fU1rQrZisfWkLDSAF7Ga-1zSp09vNxRJyYYANRPR4uwF1Qkv3uuGDutlHQIepn1G6csQb7Uy-d6kpQ3g7Lp4KT5cqyE6HCWyeL8.dD_odFpZZt5qE1O8iBAb-ug9fGhnnQZlTSFjjctq-Tg&dib_tag=se&keywords=Skybags+luggage&qid=1775060184&sr=8-14
Skybags,Skybags,Medium,2399,6825,64.85,4.2,0,https://www.amazon.in/Skybags-Acrylonitrile-Butadiene-Resettable-Combination/dp/B0D9P1LQ13/ref=sr_1_15?dib=eyJ2IjoiMSJ9.XzVehHMTCz2kvErcl1o2G9xMbD9JEt8Esmr8zaDFWBofS5u-D4FEJdP7tbtqEiY911VcLKf8p0ED6c_KDuVmanfN6g5QX17VoEcPWTjtKNeJlLHsMNx6m2fgzpWF8jDtrQDKm1NUB70rzX1vuwvW5sJ74HV50HYiSv8TkwumHJDoysxnltBD2lQVVgHDwblSckg6oA37fU1rQrZisfWkLDSAF7Ga-1zSp09vNxRJyYYANRPR4uwF1Qkv3uuGDutlHQIepn1G6csQb7Uy-d6kpQ3g7Lp4KT5cqyE6HCWyeL8.dD_odFpZZt5qE1O8iBAb-ug9fGhnnQZlTSFjjctq-Tg&dib_tag=se&keywords=Skybags+luggage&qid=1775060184&sr=8-15
American Tourister,American Tourister,Medium,2999,8450,64.51,4.2,0,https://www.amazon.in/sspa/click?ie=UTF8&spc=MToyNzUzMzU1OTg4MDkxMzQwOjE3NzUwNjAxOTg6c3BfYXRmOjMwMDYxMTk0MDg5MzMzMjo6MDo6&url=%2FAmerican-Tourister-Suitcase-Trolley-Combination%2Fdp%2FB0F5HKFPWR%2Fref%3Dsr_1_1_sspa%3Fdib%3DeyJ2IjoiMSJ9.0Hbgw669abpNXpyakBDRaHtciLUyYeiAv4dcQKNKFxyB66BAdnaxece5C2dXQI2tkirxfmx2n6dgg50A9qbuxzrXTWIIhyYRfva9CUV2x3kLaH5E1b2aNDbg7vOE_k6JuhsYI2ATwvAdTDQfPP-39rzq5azOq70S5TY_j6hLGCp5wtb1YNIibTVl0BzIBwyVUdyGblcFHVbqsUJAKb_fgXS8BAugoykKB_LgzDCJhc31rvYBfBGYCLx4FM7GA-9_4eqIlYFsr6j-zAe7CrZX0CnL4K2vEPlAlaqk5Sjzxik.c2cMAXtcYToGiQdsdnkcLpSUVdH25-tnL86KjXUu_Mg%26dib_tag%3Dse%26keywords%3DAmerican%2BTourister%2Bluggage%26qid%3D1775060198%26sr%3D8-1-spons%26aref%3DbMtKG2jEBi%26sp_csd%3Dd2lkZ2V0TmFtZT1zcF9hdGY%26psc%3D1&aref=bMtKG2jEBi&sp_cr=ZAZ
American Tourister,American Tourister,Medium,3799,9800,61.23,4.1,0,https://www.amazon.in/sspa/click?ie=UTF8&spc=MToyNzUzMzU1OTg4MDkxMzQwOjE3NzUwNjAxOTg6c3BfYXRmOjMwMDU3OTU4NjA2MTYzMjo6MDo6&url=%2FAmerican-Tourister-Liftoff-Suitcase-Trolley%2Fdp%2FB0F5HL713C%2Fref%3Dsr_1_2_sspa%3Fdib%3DeyJ2IjoiMSJ9.0Hbgw669abpNXpyakBDRaHtciLUyYeiAv4dcQKNKFxyB66BAdnaxece5C2dXQI2tkirxfmx2n6dgg50A9qbuxzrXTWIIhyYRfva9CUV2x3kLaH5E1b2aNDbg7vOE_k6JuhsYI2ATwvAdTDQfPP-39rzq5azOq70S5TY_j6hLGCp5wtb1YNIibTVl0BzIBwyVUdyGblcFHVbqsUJAKb_fgXS8BAugoykKB_LgzDCJhc31rvYBfBGYCLx4FM7GA-9_4eqIlYFsr6j-zAe7CrZX0CnL4K2vEPlAlaqk5Sjzxik.c2cMAXtcYToGiQdsdnkcLpSUVdH25-tnL86KjXUu_Mg%26dib_tag%3Dse%26keywords%3DAmerican%2BTourister%2Bluggage%26qid%3D1775060198%26sr%3D8-2-spons%26aref%3DAMeJxue5Ew%26sp_csd%3Dd2lkZ2V0TmFtZT1zcF9hdGY%26psc%3D1&aref=AMeJxue5Ew&sp_cr=ZAZ
American Tourister,American Tourister,Medium,5299,14600,63.71,4.1,0,https://www.amazon.in/sspa/click?ie=UTF8&spc=MToyNzUzMzU1OTg4MDkxMzQwOjE3NzUwNjAxOTg6c3BfYXRmOjMwMDkwNTE2MjMyNzMzMjo6MDo6&url=%2FAmerican-Tourister-Robotech-Suitcase-Trolley%2Fdp%2FB0F5HKWV55%2Fref%3Dsr_1_3_sspa%3Fdib%3DeyJ2IjoiMSJ9.0Hbgw669abpNXpyakBDRaHtciLUyYeiAv4dcQKNKFxyB66BAdnaxece5C2dXQI2tkirxfmx2n6dgg50A9qbuxzrXTWIIhyYRfva9CUV2x3kLaH5E1b2aNDbg7vOE_k6JuhsYI2ATwvAdTDQfPP-39rzq5azOq70S5TY_j6hLGCp5wtb1YNIibTVl0BzIBwyVUdyGblcFHVbqsUJAKb_fgXS8BAugoykKB_LgzDCJhc31rvYBfBGYCLx4FM7GA-9_4eqIlYFsr6j-zAe7CrZX0CnL4K2vEPlAlaqk5Sjzxik.c2cMAXtcYToGiQdsdnkcLpSUVdH25-tnL86KjXUu_Mg%26dib_tag%3Dse%26keywords%3DAmerican%2BTourister%2Bluggage%26qid%3D1775060198%26sr%3D8-3-spons%26aref%3DPz2UE6RNd2%26sp_csd%3Dd2lkZ2V0TmFtZT1zcF9hdGY%26psc%3D1&aref=Pz2UE6RNd2&sp_cr=ZAZ
American Tourister,American Tourister,Medium,2435,8350,70.84,4.2,0,https://www.amazon.in/sspa/click?ie=UTF8&spc=MToyNzUzMzU1OTg4MDkxMzQwOjE3NzUwNjAxOTg6c3BfYXRmOjMwMDkwNTE2MjMyNjczMjo6MDo6&url=%2FAmerican-Tourister-Polycarbonate-Multi-Stage-Telescopic%2Fdp%2FB0D62MD4GJ%2Fref%3Dsr_1_4_sspa%3Fdib%3DeyJ2IjoiMSJ9.0Hbgw669abpNXpyakBDRaHtciLUyYeiAv4dcQKNKFxyB66BAdnaxece5C2dXQI2tkirxfmx2n6dgg50A9qbuxzrXTWIIhyYRfva9CUV2x3kLaH5E1b2aNDbg7vOE_k6JuhsYI2ATwvAdTDQfPP-39rzq5azOq70S5TY_j6hLGCp5wtb1YNIibTVl0BzIBwyVUdyGblcFHVbqsUJAKb_fgXS8BAugoykKB_LgzDCJhc31rvYBfBGYCLx4FM7GA-9_4eqIlYFsr6j-zAe7CrZX0CnL4K2vEPlAlaqk5Sjzxik.c2cMAXtcYToGiQdsdnkcLpSUVdH25-tnL86KjXUu_Mg%26dib_tag%3Dse%26keywords%3DAmerican%2BTourister%2Bluggage%26qid%3D1775060198%26sr%3D8-4-spons%26aref%3Dfw7ud0izNw%26sp_csd%3Dd2lkZ2V0TmFtZT1zcF9hdGY%26psc%3D1&aref=fw7ud0izNw&sp_cr=ZAZ
American Tourister,American Tourister,Medium,2549,8490,69.98,4.3,0,https://www.amazon.in/AMERICAN-TOURISTER-AMT-68cm-Polypropylene/dp/B09RPLYFXJ/ref=sr_1_5?dib=eyJ2IjoiMSJ9.0Hbgw669abpNXpyakBDRaHtciLUyYeiAv4dcQKNKFxyB66BAdnaxece5C2dXQI2tkirxfmx2n6dgg50A9qbuxzrXTWIIhyYRfva9CUV2x3kLaH5E1b2aNDbg7vOE_k6JuhsYI2ATwvAdTDQfPP-39rzq5azOq70S5TY_j6hLGCp5wtb1YNIibTVl0BzIBwyVUdyGblcFHVbqsUJAKb_fgXS8BAugoykKB_LgzDCJhc31rvYBfBGYCLx4FM7GA-9_4eqIlYFsr6j-zAe7CrZX0CnL4K2vEPlAlaqk5Sjzxik.c2cMAXtcYToGiQdsdnkcLpSUVdH25-tnL86KjXUu_Mg&dib_tag=se&keywords=American+Tourister+luggage&qid=1775060198&sr=8-5
American Tourister,American Tourister,Medium,3999,10500,61.91,4.3,0,https://www.amazon.in/American-Tourister-Expandable-Polyester-Combination/dp/B0CW9X3TB3/ref=sr_1_6?dib=eyJ2IjoiMSJ9.0Hbgw669abpNXpyakBDRaHtciLUyYeiAv4dcQKNKFxyB66BAdnaxece5C2dXQI2tkirxfmx2n6dgg50A9qbuxzrXTWIIhyYRfva9CUV2x3kLaH5E1b2aNDbg7vOE_k6JuhsYI2ATwvAdTDQfPP-39rzq5azOq70S5TY_j6hLGCp5wtb1YNIibTVl0BzIBwyVUdyGblcFHVbqsUJAKb_fgXS8BAugoykKB_LgzDCJhc31rvYBfBGYCLx4FM7GA-9_4eqIlYFsr6j-zAe7CrZX0CnL4K2vEPlAlaqk5Sjzxik.c2cMAXtcYToGiQdsdnkcLpSUVdH25-tnL86KjXUu_Mg&dib_tag=se&keywords=American+Tourister+luggage&qid=1775060198&sr=8-6
American Tourister,American Tourister,Medium,3499,9950,64.83,4.2,0,https://www.amazon.in/American-Tourister-Suitcase-Trolley-Combination/dp/B0F5HQQ361/ref=sr_1_7?dib=eyJ2IjoiMSJ9.0Hbgw669abpNXpyakBDRaHtciLUyYeiAv4dcQKNKFxyB66BAdnaxece5C2dXQI2tkirxfmx2n6dgg50A9qbuxzrXTWIIhyYRfva9CUV2x3kLaH5E1b2aNDbg7vOE_k6JuhsYI2ATwvAdTDQfPP-39rzq5azOq70S5TY_j6hLGCp5wtb1YNIibTVl0BzIBwyVUdyGblcFHVbqsUJAKb_fgXS8BAugoykKB_LgzDCJhc31rvYBfBGYCLx4FM7GA-9_4eqIlYFsr6j-zAe7CrZX0CnL4K2vEPlAlaqk5Sjzxik.c2cMAXtcYToGiQdsdnkcLpSUVdH25-tnL86KjXUu_Mg&dib_tag=se&keywords=American+Tourister+luggage&qid=1775060198&sr=8-7
American Tourister,American Tourister,Medium,2999,8450,64.51,4.2,0,https://www.amazon.in/American-Tourister-Suitcase-Trolley-Combination/dp/B0F5HKFPWR/ref=sr_1_8?dib=eyJ2IjoiMSJ9.0Hbgw669abpNXpyakBDRaHtciLUyYeiAv4dcQKNKFxyB66BAdnaxece5C2dXQI2tkirxfmx2n6dgg50A9qbuxzrXTWIIhyYRfva9CUV2x3kLaH5E1b2aNDbg7vOE_k6JuhsYI2ATwvAdTDQfPP-39rzq5azOq70S5TY_j6hLGCp5wtb1YNIibTVl0BzIBwyVUdyGblcFHVbqsUJAKb_fgXS8BAugoykKB_LgzDCJhc31rvYBfBGYCLx4FM7GA-9_4eqIlYFsr6j-zAe7CrZX0CnL4K2vEPlAlaqk5Sjzxik.c2cMAXtcYToGiQdsdnkcLpSUVdH25-tnL86KjXUu_Mg&dib_tag=se&keywords=American+Tourister+luggage&qid=1775060198&sr=8-8
American Tourister,American Tourister,Medium,2799,7500,62.68,4.1,0,https://www.amazon.in/American-Tourister-Liftoff-Suitcase-Trolley/dp/B0F5HGLC5Q/ref=sr_1_9?dib=eyJ2IjoiMSJ9.0Hbgw669abpNXpyakBDRaHtciLUyYeiAv4dcQKNKFxyB66BAdnaxece5C2dXQI2tkirxfmx2n6dgg50A9qbuxzrXTWIIhyYRfva9CUV2x3kLaH5E1b2aNDbg7vOE_k6JuhsYI2ATwvAdTDQfPP-39rzq5azOq70S5TY_j6hLGCp5wtb1YNIibTVl0BzIBwyVUdyGblcFHVbqsUJAKb_fgXS8BAugoykKB_LgzDCJhc31rvYBfBGYCLx4FM7GA-9_4eqIlYFsr6j-zAe7CrZX0CnL4K2vEPlAlaqk5Sjzxik.c2cMAXtcYToGiQdsdnkcLpSUVdH25-tnL86KjXUu_Mg&dib_tag=se&keywords=American+Tourister+luggage&qid=1775060198&sr=8-9
American Tourister,American Tourister,Medium,3399,4800,29.19,4.5,0,https://www.amazon.in/American-Tourister-Splash-Luggage-Complete/dp/B0CHRL351K/ref=sr_1_10?dib=eyJ2IjoiMSJ9.0Hbgw669abpNXpyakBDRaHtciLUyYeiAv4dcQKNKFxyB66BAdnaxece5C2dXQI2tkirxfmx2n6dgg50A9qbuxzrXTWIIhyYRfva9CUV2x3kLaH5E1b2aNDbg7vOE_k6JuhsYI2ATwvAdTDQfPP-39rzq5azOq70S5TY_j6hLGCp5wtb1YNIibTVl0BzIBwyVUdyGblcFHVbqsUJAKb_fgXS8BAugoykKB_LgzDCJhc31rvYBfBGYCLx4FM7GA-9_4eqIlYFsr6j-zAe7CrZX0CnL4K2vEPlAlaqk5Sjzxik.c2cMAXtcYToGiQdsdnkcLpSUVdH25-tnL86KjXUu_Mg&dib_tag=se&keywords=American+Tourister+luggage&qid=1775060198&sr=8-10
American Tourister,American Tourister,Medium,3899,10890,64.2,4.3,0,https://www.amazon.in/American-Tourister-Polypropylene-Spinner-Instavibe/dp/B0D62PN1J9/ref=sr_1_11?dib=eyJ2IjoiMSJ9.0Hbgw669abpNXpyakBDRaHtciLUyYeiAv4dcQKNKFxyB66BAdnaxece5C2dXQI2tkirxfmx2n6dgg50A9qbuxzrXTWIIhyYRfva9CUV2x3kLaH5E1b2aNDbg7vOE_k6JuhsYI2ATwvAdTDQfPP-39rzq5azOq70S5TY_j6hLGCp5wtb1YNIibTVl0BzIBwyVUdyGblcFHVbqsUJAKb_fgXS8BAugoykKB_LgzDCJhc31rvYBfBGYCLx4FM7GA-9_4eqIlYFsr6j-zAe7CrZX0CnL4K2vEPlAlaqk5Sjzxik.c2cMAXtcYToGiQdsdnkcLpSUVdH25-tnL86KjXUu_Mg&dib_tag=se&keywords=American+Tourister+luggage&qid=1775060198&sr=8-11
American Tourister,American Tourister,Medium,5299,14600,63.71,4.1,0,https://www.amazon.in/American-Tourister-Robotech-Suitcase-Trolley/dp/B0F5HLY8ND/ref=sr_1_12?dib=eyJ2IjoiMSJ9.0Hbgw669abpNXpyakBDRaHtciLUyYeiAv4dcQKNKFxyB66BAdnaxece5C2dXQI2tkirxfmx2n6dgg50A9qbuxzrXTWIIhyYRfva9CUV2x3kLaH5E1b2aNDbg7vOE_k6JuhsYI2ATwvAdTDQfPP-39rzq5azOq70S5TY_j6hLGCp5wtb1YNIibTVl0BzIBwyVUdyGblcFHVbqsUJAKb_fgXS8BAugoykKB_LgzDCJhc31rvYBfBGYCLx4FM7GA-9_4eqIlYFsr6j-zAe7CrZX0CnL4K2vEPlAlaqk5Sjzxik.c2cMAXtcYToGiQdsdnkcLpSUVdH25-tnL86KjXUu_Mg&dib_tag=se&keywords=American+Tourister+luggage&qid=1775060198&sr=8-12
American Tourister,American Tourister,Medium,3799,9800,61.23,4.1,0,https://www.amazon.in/American-Tourister-Liftoff-Suitcase-Trolley/dp/B0F5HM58RR/ref=sr_1_13?dib=eyJ2IjoiMSJ9.0Hbgw669abpNXpyakBDRaHtciLUyYeiAv4dcQKNKFxyB66BAdnaxece5C2dXQI2tkirxfmx2n6dgg50A9qbuxzrXTWIIhyYRfva9CUV2x3kLaH5E1b2aNDbg7vOE_k6JuhsYI2ATwvAdTDQfPP-39rzq5azOq70S5TY_j6hLGCp5wtb1YNIibTVl0BzIBwyVUdyGblcFHVbqsUJAKb_fgXS8BAugoykKB_LgzDCJhc31rvYBfBGYCLx4FM7GA-9_4eqIlYFsr6j-zAe7CrZX0CnL4K2vEPlAlaqk5Sjzxik.c2cMAXtcYToGiQdsdnkcLpSUVdH25-tnL86KjXUu_Mg&dib_tag=se&keywords=American+Tourister+luggage&qid=1775060198&sr=8-13
American Tourister,American Tourister,Medium,2299,7500,69.35,4.2,0,https://www.amazon.in/American-Tourister-27O-70-001/dp/B073XL1C3W/ref=sr_1_14?dib=eyJ2IjoiMSJ9.0Hbgw669abpNXpyakBDRaHtciLUyYeiAv4dcQKNKFxyB66BAdnaxece5C2dXQI2tkirxfmx2n6dgg50A9qbuxzrXTWIIhyYRfva9CUV2x3kLaH5E1b2aNDbg7vOE_k6JuhsYI2ATwvAdTDQfPP-39rzq5azOq70S5TY_j6hLGCp5wtb1YNIibTVl0BzIBwyVUdyGblcFHVbqsUJAKb_fgXS8BAugoykKB_LgzDCJhc31rvYBfBGYCLx4FM7GA-9_4eqIlYFsr6j-zAe7CrZX0CnL4K2vEPlAlaqk5Sjzxik.c2cMAXtcYToGiQdsdnkcLpSUVdH25-tnL86KjXUu_Mg&dib_tag=se&keywords=American+Tourister+luggage&qid=1775060198&sr=8-14
American Tourister,American Tourister,Medium,3799,9800,61.23,4.1,0,https://www.amazon.in/American-Tourister-Liftoff-Suitcase-Trolley/dp/B0F5HN796Y/ref=sr_1_15?dib=eyJ2IjoiMSJ9.0Hbgw669abpNXpyakBDRaHtciLUyYeiAv4dcQKNKFxyB66BAdnaxece5C2dXQI2tkirxfmx2n6dgg50A9qbuxzrXTWIIhyYRfva9CUV2x3kLaH5E1b2aNDbg7vOE_k6JuhsYI2ATwvAdTDQfPP-39rzq5azOq70S5TY_j6hLGCp5wtb1YNIibTVl0BzIBwyVUdyGblcFHVbqsUJAKb_fgXS8BAugoykKB_LgzDCJhc31rvYBfBGYCLx4FM7GA-9_4eqIlYFsr6j-zAe7CrZX0CnL4K2vEPlAlaqk5Sjzxik.c2cMAXtcYToGiQdsdnkcLpSUVdH25-tnL86KjXUu_Mg&dib_tag=se&keywords=American+Tourister+luggage&qid=1775060198&sr=8-15
Vip,Urban Jungle,Medium,8245,9499,13.2,4.2,0,https://www.amazon.in/sspa/click?ie=UTF8&spc=MTo5MzU0MDkwMDQ1MTI2Nzk6MTc3NTA2MDIwOTpzcF9hdGY6MzAwNzg5MjA2NjI1NDMyOjowOjo&url=%2FUrban-Jungle-Lumolite-Capacity-Polycarbonate%2Fdp%2FB097B4V2NX%2Fref%3Dsr_1_1_sspa%3Fdib%3DeyJ2IjoiMSJ9.eGypbX8qAkADSyVgmo4M1c1A-caq9wEeLrzF6o1ymhZBTPnzhyWXwVOwgRHoyfqOOP5sOMQpYF0QDaAGv7NC_7Y0XqJbmggmmfzTDWec_FJARAjlOKpQL7HsWmpkB1WimCBrRyiwIAtKTVbFKLQmxyyX3lKw3QL8qpBYdxUoHK-bYynpsHD28REZga_Sh-CM3G5uY1GvWu39Dhj7vW8JwmxxXnYUX4hPcO-XW-IUWuZoI4JXugTfwE0d3D91cvI-ZEa36jGCszPxgNF2ZoSeVcUVJQjFB0OTiRra9MLBS7k.PJn3vUpyX_AsJ_Y_Tt4zMjuu3fxu24_LGpGbid-nSFQ%26dib_tag%3Dse%26keywords%3DVIP%2Bluggage%26qid%3D1775060209%26sr%3D8-1-spons%26aref%3DVmHon63wng%26sp_csd%3Dd2lkZ2V0TmFtZT1zcF9hdGY%26psc%3D1&aref=VmHon63wng&sp_cr=ZAZ
Vip,VIP,Medium,7700,17180,55.18,4.4,0,https://www.amazon.in/sspa/click?ie=UTF8&spc=MTo5MzU0MDkwMDQ1MTI2Nzk6MTc3NTA2MDIwOTpzcF9hdGY6MzAwNTY0MDYzNTg4MzMyOjowOjo&url=%2FVIP-Lexus-Hardside-Spinner-Anti-Theft%2Fdp%2FB0F4K9VLQ8%2Fref%3Dsr_1_2_sspa%3Fdib%3DeyJ2IjoiMSJ9.eGypbX8qAkADSyVgmo4M1c1A-caq9wEeLrzF6o1ymhZBTPnzhyWXwVOwgRHoyfqOOP5sOMQpYF0QDaAGv7NC_7Y0XqJbmggmmfzTDWec_FJARAjlOKpQL7HsWmpkB1WimCBrRyiwIAtKTVbFKLQmxyyX3lKw3QL8qpBYdxUoHK-bYynpsHD28REZga_Sh-CM3G5uY1GvWu39Dhj7vW8JwmxxXnYUX4hPcO-XW-IUWuZoI4JXugTfwE0d3D91cvI-ZEa36jGCszPxgNF2ZoSeVcUVJQjFB0OTiRra9MLBS7k.PJn3vUpyX_AsJ_Y_Tt4zMjuu3fxu24_LGpGbid-nSFQ%26dib_tag%3Dse%26keywords%3DVIP%2Bluggage%26qid%3D1775060209%26sr%3D8-2-spons%26aref%3DyOSDXSJNoH%26sp_csd%3Dd2lkZ2V0TmFtZT1zcF9hdGY%26psc%3D1&aref=yOSDXSJNoH&sp_cr=ZAZ
Vip,VIP,Medium,2369,9240,74.36,4.2,0,https://www.amazon.in/sspa/click?ie=UTF8&spc=MTo5MzU0MDkwMDQ1MTI2Nzk6MTc3NTA2MDIwOTpzcF9hdGY6MzAwOTAwNjIwMjU3NzMyOjowOjo&url=%2FVIP-Polyester-Softsided-Luggage-STWID69ERED%2Fdp%2FB09M8MW22K%2Fref%3Dsr_1_3_sspa%3Fdib%3DeyJ2IjoiMSJ9.eGypbX8qAkADSyVgmo4M1c1A-caq9wEeLrzF6o1ymhZBTPnzhyWXwVOwgRHoyfqOOP5sOMQpYF0QDaAGv7NC_7Y0XqJbmggmmfzTDWec_FJARAjlOKpQL7HsWmpkB1WimCBrRyiwIAtKTVbFKLQmxyyX3lKw3QL8qpBYdxUoHK-bYynpsHD28REZga_Sh-CM3G5uY1GvWu39Dhj7vW8JwmxxXnYUX4hPcO-XW-IUWuZoI4JXugTfwE0d3D91cvI-ZEa36jGCszPxgNF2ZoSeVcUVJQjFB0OTiRra9MLBS7k.PJn3vUpyX_AsJ_Y_Tt4zMjuu3fxu24_LGpGbid-nSFQ%26dib_tag%3Dse%26keywords%3DVIP%2Bluggage%26qid%3D1775060209%26sr%3D8-3-spons%26aref%3DwW6MbZ2AQN%26sp_csd%3Dd2lkZ2V0TmFtZT1zcF9hdGY%26psc%3D1&aref=wW6MbZ2AQN&sp_cr=ZAZ
Vip,EUME,Medium,9999,24999,60.0,4.3,0,https://www.amazon.in/sspa/click?ie=UTF8&spc=MTo5MzU0MDkwMDQ1MTI2Nzk6MTc3NTA2MDIwOTpzcF9hdGY6MzAwNjgyODEyNDg0MDMyOjowOjo&url=%2FEUME-Polycarbonate-SilentRun-Hinomoto-Charcoal%2Fdp%2FB0D7QDQRDS%2Fref%3Dsr_1_4_sspa%3Fdib%3DeyJ2IjoiMSJ9.eGypbX8qAkADSyVgmo4M1c1A-caq9wEeLrzF6o1ymhZBTPnzhyWXwVOwgRHoyfqOOP5sOMQpYF0QDaAGv7NC_7Y0XqJbmggmmfzTDWec_FJARAjlOKpQL7HsWmpkB1WimCBrRyiwIAtKTVbFKLQmxyyX3lKw3QL8qpBYdxUoHK-bYynpsHD28REZga_Sh-CM3G5uY1GvWu39Dhj7vW8JwmxxXnYUX4hPcO-XW-IUWuZoI4JXugTfwE0d3D91cvI-ZEa36jGCszPxgNF2ZoSeVcUVJQjFB0OTiRra9MLBS7k.PJn3vUpyX_AsJ_Y_Tt4zMjuu3fxu24_LGpGbid-nSFQ%26dib_tag%3Dse%26keywords%3DVIP%2Bluggage%26qid%3D1775060209%26sr%3D8-4-spons%26aref%3DqIvAzybHI8%26sp_csd%3Dd2lkZ2V0TmFtZT1zcF9hdGY%26psc%3D1&aref=qIvAzybHI8&sp_cr=ZAZ
Vip,VIP,Medium,3099,14990,79.33,3.7,0,https://www.amazon.in/VIP-Unicorn-Polyester-Spinner-Trolleys/dp/B0CBTZP3CL/ref=sr_1_5?dib=eyJ2IjoiMSJ9.eGypbX8qAkADSyVgmo4M1c1A-caq9wEeLrzF6o1ymhZBTPnzhyWXwVOwgRHoyfqOOP5sOMQpYF0QDaAGv7NC_7Y0XqJbmggmmfzTDWec_FJARAjlOKpQL7HsWmpkB1WimCBrRyiwIAtKTVbFKLQmxyyX3lKw3QL8qpBYdxUoHK-bYynpsHD28REZga_Sh-CM3G5uY1GvWu39Dhj7vW8JwmxxXnYUX4hPcO-XW-IUWuZoI4JXugTfwE0d3D91cvI-ZEa36jGCszPxgNF2ZoSeVcUVJQjFB0OTiRra9MLBS7k.PJn3vUpyX_AsJ_Y_Tt4zMjuu3fxu24_LGpGbid-nSFQ&dib_tag=se&keywords=VIP+luggage&qid=1775060209&sr=8-5
Vip,VIP,Medium,2199,9900,77.79,4.2,0,https://www.amazon.in/VIP-Trolley-Lightweight-Combination-Suitcase/dp/B0DD3W11L4/ref=sr_1_6?dib=eyJ2IjoiMSJ9.eGypbX8qAkADSyVgmo4M1c1A-caq9wEeLrzF6o1ymhZBTPnzhyWXwVOwgRHoyfqOOP5sOMQpYF0QDaAGv7NC_7Y0XqJbmggmmfzTDWec_FJARAjlOKpQL7HsWmpkB1WimCBrRyiwIAtKTVbFKLQmxyyX3lKw3QL8qpBYdxUoHK-bYynpsHD28REZga_Sh-CM3G5uY1GvWu39Dhj7vW8JwmxxXnYUX4hPcO-XW-IUWuZoI4JXugTfwE0d3D91cvI-ZEa36jGCszPxgNF2ZoSeVcUVJQjFB0OTiRra9MLBS7k.PJn3vUpyX_AsJ_Y_Tt4zMjuu3fxu24_LGpGbid-nSFQ&dib_tag=se&keywords=VIP+luggage&qid=1775060209&sr=8-6
Vip,Aristocrat,Medium,2699,11240,75.99,4.2,0,https://www.amazon.in/Aristocrat-Spacious-Polyester-Combination-Dazzling/dp/B0C8YWY72M/ref=sr_1_7?dib=eyJ2IjoiMSJ9.eGypbX8qAkADSyVgmo4M1c1A-caq9wEeLrzF6o1ymhZBTPnzhyWXwVOwgRHoyfqOOP5sOMQpYF0QDaAGv7NC_7Y0XqJbmggmmfzTDWec_FJARAjlOKpQL7HsWmpkB1WimCBrRyiwIAtKTVbFKLQmxyyX3lKw3QL8qpBYdxUoHK-bYynpsHD28REZga_Sh-CM3G5uY1GvWu39Dhj7vW8JwmxxXnYUX4hPcO-XW-IUWuZoI4JXugTfwE0d3D91cvI-ZEa36jGCszPxgNF2ZoSeVcUVJQjFB0OTiRra9MLBS7k.PJn3vUpyX_AsJ_Y_Tt4zMjuu3fxu24_LGpGbid-nSFQ&dib_tag=se&keywords=VIP+luggage&qid=1775060209&sr=8-7
Vip,Aristocrat,Medium,1949,8125,76.01,4.2,0,https://www.amazon.in/Aristocrat-Liberty-Combination-International-Warranty/dp/B0FMF4NSXP/ref=sr_1_8?dib=eyJ2IjoiMSJ9.eGypbX8qAkADSyVgmo4M1c1A-caq9wEeLrzF6o1ymhZBTPnzhyWXwVOwgRHoyfqOOP5sOMQpYF0QDaAGv7NC_7Y0XqJbmggmmfzTDWec_FJARAjlOKpQL7HsWmpkB1WimCBrRyiwIAtKTVbFKLQmxyyX3lKw3QL8qpBYdxUoHK-bYynpsHD28REZga_Sh-CM3G5uY1GvWu39Dhj7vW8JwmxxXnYUX4hPcO-XW-IUWuZoI4JXugTfwE0d3D91cvI-ZEa36jGCszPxgNF2ZoSeVcUVJQjFB0OTiRra9MLBS7k.PJn3vUpyX_AsJ_Y_Tt4zMjuu3fxu24_LGpGbid-nSFQ&dib_tag=se&keywords=VIP+luggage&qid=1775060209&sr=8-8
Vip,VIP,Medium,6339,19998,68.3,4.1,0,https://www.amazon.in/Skybags-Printed-Luggage-Trolley-Combination/dp/B0DDLDXT8N/ref=sr_1_9?dib=eyJ2IjoiMSJ9.eGypbX8qAkADSyVgmo4M1c1A-caq9wEeLrzF6o1ymhZBTPnzhyWXwVOwgRHoyfqOOP5sOMQpYF0QDaAGv7NC_7Y0XqJbmggmmfzTDWec_FJARAjlOKpQL7HsWmpkB1WimCBrRyiwIAtKTVbFKLQmxyyX3lKw3QL8qpBYdxUoHK-bYynpsHD28REZga_Sh-CM3G5uY1GvWu39Dhj7vW8JwmxxXnYUX4hPcO-XW-IUWuZoI4JXugTfwE0d3D91cvI-ZEa36jGCszPxgNF2ZoSeVcUVJQjFB0OTiRra9MLBS7k.PJn3vUpyX_AsJ_Y_Tt4zMjuu3fxu24_LGpGbid-nSFQ&dib_tag=se&keywords=VIP+luggage&qid=1775060209&sr=8-9
Vip,VIP,Medium,2369,9240,74.36,4.2,0,https://www.amazon.in/VIP-Polyester-Softsided-Luggage-STWID69EBLU/dp/B09M8PZYSF/ref=sr_1_10?dib=eyJ2IjoiMSJ9.eGypbX8qAkADSyVgmo4M1c1A-caq9wEeLrzF6o1ymhZBTPnzhyWXwVOwgRHoyfqOOP5sOMQpYF0QDaAGv7NC_7Y0XqJbmggmmfzTDWec_FJARAjlOKpQL7HsWmpkB1WimCBrRyiwIAtKTVbFKLQmxyyX3lKw3QL8qpBYdxUoHK-bYynpsHD28REZga_Sh-CM3G5uY1GvWu39Dhj7vW8JwmxxXnYUX4hPcO-XW-IUWuZoI4JXugTfwE0d3D91cvI-ZEa36jGCszPxgNF2ZoSeVcUVJQjFB0OTiRra9MLBS7k.PJn3vUpyX_AsJ_Y_Tt4zMjuu3fxu24_LGpGbid-nSFQ&dib_tag=se&keywords=VIP+luggage&qid=1775060209&sr=8-10
Vip,VIP,Medium,3270,12600,74.05,4.2,0,https://www.amazon.in/VIP-Polypropylene-Hardshell-Lightweight-Combination/dp/B0D4RD23TM/ref=sr_1_11?dib=eyJ2IjoiMSJ9.eGypbX8qAkADSyVgmo4M1c1A-caq9wEeLrzF6o1ymhZBTPnzhyWXwVOwgRHoyfqOOP5sOMQpYF0QDaAGv7NC_7Y0XqJbmggmmfzTDWec_FJARAjlOKpQL7HsWmpkB1WimCBrRyiwIAtKTVbFKLQmxyyX3lKw3QL8qpBYdxUoHK-bYynpsHD28REZga_Sh-CM3G5uY1GvWu39Dhj7vW8JwmxxXnYUX4hPcO-XW-IUWuZoI4JXugTfwE0d3D91cvI-ZEa36jGCszPxgNF2ZoSeVcUVJQjFB0OTiRra9MLBS7k.PJn3vUpyX_AsJ_Y_Tt4zMjuu3fxu24_LGpGbid-nSFQ&dib_tag=se&keywords=VIP+luggage&qid=1775060209&sr=8-11
Vip,VIP,Medium,3199,9770,67.26,3.7,0,https://www.amazon.in/VIP-Voyager-Polypropylene-Check-Suitcase/dp/B0BH4J7QJP/ref=sr_1_12?dib=eyJ2IjoiMSJ9.eGypbX8qAkADSyVgmo4M1c1A-caq9wEeLrzF6o1ymhZBTPnzhyWXwVOwgRHoyfqOOP5sOMQpYF0QDaAGv7NC_7Y0XqJbmggmmfzTDWec_FJARAjlOKpQL7HsWmpkB1WimCBrRyiwIAtKTVbFKLQmxyyX3lKw3QL8qpBYdxUoHK-bYynpsHD28REZga_Sh-CM3G5uY1GvWu39Dhj7vW8JwmxxXnYUX4hPcO-XW-IUWuZoI4JXugTfwE0d3D91cvI-ZEa36jGCszPxgNF2ZoSeVcUVJQjFB0OTiRra9MLBS7k.PJn3vUpyX_AsJ_Y_Tt4zMjuu3fxu24_LGpGbid-nSFQ&dib_tag=se&keywords=VIP+luggage&qid=1775060209&sr=8-12
Vip,VIP,Medium,3149,12100,73.98,3.7,0,https://www.amazon.in/VIP-Unicorn-Polyester-Spinner-Trolleys/dp/B0GQF3J624/ref=sr_1_13?dib=eyJ2IjoiMSJ9.eGypbX8qAkADSyVgmo4M1c1A-caq9wEeLrzF6o1ymhZBTPnzhyWXwVOwgRHoyfqOOP5sOMQpYF0QDaAGv7NC_7Y0XqJbmggmmfzTDWec_FJARAjlOKpQL7HsWmpkB1WimCBrRyiwIAtKTVbFKLQmxyyX3lKw3QL8qpBYdxUoHK-bYynpsHD28REZga_Sh-CM3G5uY1GvWu39Dhj7vW8JwmxxXnYUX4hPcO-XW-IUWuZoI4JXugTfwE0d3D91cvI-ZEa36jGCszPxgNF2ZoSeVcUVJQjFB0OTiRra9MLBS7k.PJn3vUpyX_AsJ_Y_Tt4zMjuu3fxu24_LGpGbid-nSFQ&dib_tag=se&keywords=VIP+luggage&qid=1775060209&sr=8-13
Vip,VIP,Medium,2369,9240,74.36,4.2,0,https://www.amazon.in/VIP-Polyester-Softsided-Luggage-STWID69ERED/dp/B09M8MW22K/ref=sr_1_14?dib=eyJ2IjoiMSJ9.eGypbX8qAkADSyVgmo4M1c1A-caq9wEeLrzF6o1ymhZBTPnzhyWXwVOwgRHoyfqOOP5sOMQpYF0QDaAGv7NC_7Y0XqJbmggmmfzTDWec_FJARAjlOKpQL7HsWmpkB1WimCBrRyiwIAtKTVbFKLQmxyyX3lKw3QL8qpBYdxUoHK-bYynpsHD28REZga_Sh-CM3G5uY1GvWu39Dhj7vW8JwmxxXnYUX4hPcO-XW-IUWuZoI4JXugTfwE0d3D91cvI-ZEa36jGCszPxgNF2ZoSeVcUVJQjFB0OTiRra9MLBS7k.PJn3vUpyX_AsJ_Y_Tt4zMjuu3fxu24_LGpGbid-nSFQ&dib_tag=se&keywords=VIP+luggage&qid=1775060209&sr=8-14
Vip,Aristocrat,Medium,5609,25880,78.33,4.1,0,https://www.amazon.in/Aristocrat-Suitcase-Combination-Convipack-Warranty/dp/B0FPXMYQZY/ref=sr_1_15?dib=eyJ2IjoiMSJ9.eGypbX8qAkADSyVgmo4M1c1A-caq9wEeLrzF6o1ymhZBTPnzhyWXwVOwgRHoyfqOOP5sOMQpYF0QDaAGv7NC_7Y0XqJbmggmmfzTDWec_FJARAjlOKpQL7HsWmpkB1WimCBrRyiwIAtKTVbFKLQmxyyX3lKw3QL8qpBYdxUoHK-bYynpsHD28REZga_Sh-CM3G5uY1GvWu39Dhj7vW8JwmxxXnYUX4hPcO-XW-IUWuZoI4JXugTfwE0d3D91cvI-ZEa36jGCszPxgNF2ZoSeVcUVJQjFB0OTiRra9MLBS7k.PJn3vUpyX_AsJ_Y_Tt4zMjuu3fxu24_LGpGbid-nSFQ&dib_tag=se&keywords=VIP+luggage&qid=1775060209&sr=8-15
Nasher Miles,Nasher Miles,Medium,2699,13995,80.71,4.2,0,https://www.amazon.in/sspa/click?ie=UTF8&spc=MTo4NzAwODQxOTMxMDczMzY6MTc3NTA2MDIyMzpzcF9hdGY6MzAwNjQ0MTQxMDU2MzMyOjowOjo&url=%2FNasher-Miles-Hard-sided-Polypropylene-Luggage%2Fdp%2FB0CVS83T2Q%2Fref%3Dsr_1_1_sspa%3Fdib%3DeyJ2IjoiMSJ9.oE_4SO2MuwdKUl-MwFUlchiFtmMkXSyBcNjEiBHVVu9Y3n7f4FynI4s5neO_TS0GWyADYHZYckF9Ti_LEe60CrS7739T-3yQTduxpBSp4doeo6mERPuyzuvhW_zDvyNcYTgH0irp6Dx3sP7rlueTgZHJAo17t9RSaUYeCCXX8ahro5BoK9wZlglKJdBkZoFU65tpPgifpABfLaMm2QwZlGapAEJgYhkNkCrHOfaBiwRxdOAe4q6OdIIaatgZ34t5cPN3m7aGZ55ehI5fAMVSVc_NSP1EkceS6JW8xUJc5rM.XHWKc1NkeVO6T18zXxUhHCDO9SdmmGCnPtrMzLX4MZc%26dib_tag%3Dse%26keywords%3DNasher%2BMiles%2Bluggage%26qid%3D1775060223%26sr%3D8-1-spons%26aref%3DRIyZuuycVO%26sp_csd%3Dd2lkZ2V0TmFtZT1zcF9hdGY%26psc%3D1&aref=RIyZuuycVO&sp_cr=ZAZ
Nasher Miles,Nasher Miles,Medium,2879,15995,82.0,3.7,0,https://www.amazon.in/sspa/click?ie=UTF8&spc=MTo4NzAwODQxOTMxMDczMzY6MTc3NTA2MDIyMzpzcF9hdGY6MzAwNjQ0MTQxMDU2NDMyOjowOjo&url=%2FNasher-Miles-Hard-sided-Polypropylene-Luggage%2Fdp%2FB0CVSGRTTY%2Fref%3Dsr_1_2_sspa%3Fdib%3DeyJ2IjoiMSJ9.oE_4SO2MuwdKUl-MwFUlchiFtmMkXSyBcNjEiBHVVu9Y3n7f4FynI4s5neO_TS0GWyADYHZYckF9Ti_LEe60CrS7739T-3yQTduxpBSp4doeo6mERPuyzuvhW_zDvyNcYTgH0irp6Dx3sP7rlueTgZHJAo17t9RSaUYeCCXX8ahro5BoK9wZlglKJdBkZoFU65tpPgifpABfLaMm2QwZlGapAEJgYhkNkCrHOfaBiwRxdOAe4q6OdIIaatgZ34t5cPN3m7aGZ55ehI5fAMVSVc_NSP1EkceS6JW8xUJc5rM.XHWKc1NkeVO6T18zXxUhHCDO9SdmmGCnPtrMzLX4MZc%26dib_tag%3Dse%26keywords%3DNasher%2BMiles%2Bluggage%26qid%3D1775060223%26sr%3D8-2-spons%26aref%3DcdmHwidri9%26sp_csd%3Dd2lkZ2V0TmFtZT1zcF9hdGY%26psc%3D1&aref=cdmHwidri9&sp_cr=ZAZ
Nasher Miles,Nasher Miles,Medium,2449,12995,81.15,4.1,0,https://www.amazon.in/sspa/click?ie=UTF8&spc=MTo4NzAwODQxOTMxMDczMzY6MTc3NTA2MDIyMzpzcF9hdGY6MzAwNjM3NDIyOTQ2NTMyOjowOjo&url=%2FNasher-Miles-Hard-Sided-Polypropylene-Suitcase%2Fdp%2FB0D765FFVD%2Fref%3Dsr_1_3_sspa%3Fdib%3DeyJ2IjoiMSJ9.oE_4SO2MuwdKUl-MwFUlchiFtmMkXSyBcNjEiBHVVu9Y3n7f4FynI4s5neO_TS0GWyADYHZYckF9Ti_LEe60CrS7739T-3yQTduxpBSp4doeo6mERPuyzuvhW_zDvyNcYTgH0irp6Dx3sP7rlueTgZHJAo17t9RSaUYeCCXX8ahro5BoK9wZlglKJdBkZoFU65tpPgifpABfLaMm2QwZlGapAEJgYhkNkCrHOfaBiwRxdOAe4q6OdIIaatgZ34t5cPN3m7aGZ55ehI5fAMVSVc_NSP1EkceS6JW8xUJc5rM.XHWKc1NkeVO6T18zXxUhHCDO9SdmmGCnPtrMzLX4MZc%26dib_tag%3Dse%26keywords%3DNasher%2BMiles%2Bluggage%26qid%3D1775060223%26sr%3D8-3-spons%26aref%3DBQ52ic0cuV%26sp_csd%3Dd2lkZ2V0TmFtZT1zcF9hdGY%26psc%3D1&aref=BQ52ic0cuV&sp_cr=ZAZ
Nasher Miles,Nasher Miles,Medium,5299,18995,72.1,4.2,0,https://www.amazon.in/sspa/click?ie=UTF8&spc=MTo4NzAwODQxOTMxMDczMzY6MTc3NTA2MDIyMzpzcF9hdGY6MzAwNjM3NDIyOTY2MTMyOjowOjo&url=%2FNasher-Miles-Berlin-Soft-Sided-Black%2Fdp%2FB07W8T4V4G%2Fref%3Dsr_1_4_sspa%3Fdib%3DeyJ2IjoiMSJ9.oE_4SO2MuwdKUl-MwFUlchiFtmMkXSyBcNjEiBHVVu9Y3n7f4FynI4s5neO_TS0GWyADYHZYckF9Ti_LEe60CrS7739T-3yQTduxpBSp4doeo6mERPuyzuvhW_zDvyNcYTgH0irp6Dx3sP7rlueTgZHJAo17t9RSaUYeCCXX8ahro5BoK9wZlglKJdBkZoFU65tpPgifpABfLaMm2QwZlGapAEJgYhkNkCrHOfaBiwRxdOAe4q6OdIIaatgZ34t5cPN3m7aGZ55ehI5fAMVSVc_NSP1EkceS6JW8xUJc5rM.XHWKc1NkeVO6T18zXxUhHCDO9SdmmGCnPtrMzLX4MZc%26dib_tag%3Dse%26keywords%3DNasher%2BMiles%2Bluggage%26qid%3D1775060223%26sr%3D8-4-spons%26aref%3DDAohove8Ug%26sp_csd%3Dd2lkZ2V0TmFtZT1zcF9hdGY%26psc%3D1&aref=DAohove8Ug&sp_cr=ZAZ
Nasher Miles,Nasher Miles,Medium,3229,17995,82.06,4.2,0,https://www.amazon.in/Nasher-Miles-Hard-Sided-Polypropylene-Luggage/dp/B0CGTXL5V1/ref=sr_1_5?dib=eyJ2IjoiMSJ9.oE_4SO2MuwdKUl-MwFUlchiFtmMkXSyBcNjEiBHVVu9Y3n7f4FynI4s5neO_TS0GWyADYHZYckF9Ti_LEe60CrS7739T-3yQTduxpBSp4doeo6mERPuyzuvhW_zDvyNcYTgH0irp6Dx3sP7rlueTgZHJAo17t9RSaUYeCCXX8ahro5BoK9wZlglKJdBkZoFU65tpPgifpABfLaMm2QwZlGapAEJgYhkNkCrHOfaBiwRxdOAe4q6OdIIaatgZ34t5cPN3m7aGZ55ehI5fAMVSVc_NSP1EkceS6JW8xUJc5rM.XHWKc1NkeVO6T18zXxUhHCDO9SdmmGCnPtrMzLX4MZc&dib_tag=se&keywords=Nasher+Miles+luggage&qid=1775060223&sr=8-5
Nasher Miles,Nasher Miles,Medium,2796,15995,82.52,4.2,0,https://www.amazon.in/Nasher-Miles-Paris-Polypropylene-Peach/dp/B09G715R22/ref=sr_1_6?dib=eyJ2IjoiMSJ9.oE_4SO2MuwdKUl-MwFUlchiFtmMkXSyBcNjEiBHVVu9Y3n7f4FynI4s5neO_TS0GWyADYHZYckF9Ti_LEe60CrS7739T-3yQTduxpBSp4doeo6mERPuyzuvhW_zDvyNcYTgH0irp6Dx3sP7rlueTgZHJAo17t9RSaUYeCCXX8ahro5BoK9wZlglKJdBkZoFU65tpPgifpABfLaMm2QwZlGapAEJgYhkNkCrHOfaBiwRxdOAe4q6OdIIaatgZ34t5cPN3m7aGZ55ehI5fAMVSVc_NSP1EkceS6JW8xUJc5rM.XHWKc1NkeVO6T18zXxUhHCDO9SdmmGCnPtrMzLX4MZc&dib_tag=se&keywords=Nasher+Miles+luggage&qid=1775060223&sr=8-6
Nasher Miles,Nasher Miles,Medium,2999,15995,81.25,4.2,0,https://www.amazon.in/Nasher-Miles-Paris-Navy-Blue/dp/B09G71JXVS/ref=sr_1_7?dib=eyJ2IjoiMSJ9.oE_4SO2MuwdKUl-MwFUlchiFtmMkXSyBcNjEiBHVVu9Y3n7f4FynI4s5neO_TS0GWyADYHZYckF9Ti_LEe60CrS7739T-3yQTduxpBSp4doeo6mERPuyzuvhW_zDvyNcYTgH0irp6Dx3sP7rlueTgZHJAo17t9RSaUYeCCXX8ahro5BoK9wZlglKJdBkZoFU65tpPgifpABfLaMm2QwZlGapAEJgYhkNkCrHOfaBiwRxdOAe4q6OdIIaatgZ34t5cPN3m7aGZ55ehI5fAMVSVc_NSP1EkceS6JW8xUJc5rM.XHWKc1NkeVO6T18zXxUhHCDO9SdmmGCnPtrMzLX4MZc&dib_tag=se&keywords=Nasher+Miles+luggage&qid=1775060223&sr=8-7
Nasher Miles,Nasher Miles,Medium,2699,13995,80.71,4.2,0,https://www.amazon.in/Nasher-Miles-Hard-Sided-Polypropylene-Luggage/dp/B09G72J5Y6/ref=sr_1_8?dib=eyJ2IjoiMSJ9.oE_4SO2MuwdKUl-MwFUlchiFtmMkXSyBcNjEiBHVVu9Y3n7f4FynI4s5neO_TS0GWyADYHZYckF9Ti_LEe60CrS7739T-3yQTduxpBSp4doeo6mERPuyzuvhW_zDvyNcYTgH0irp6Dx3sP7rlueTgZHJAo17t9RSaUYeCCXX8ahro5BoK9wZlglKJdBkZoFU65tpPgifpABfLaMm2QwZlGapAEJgYhkNkCrHOfaBiwRxdOAe4q6OdIIaatgZ34t5cPN3m7aGZ55ehI5fAMVSVc_NSP1EkceS6JW8xUJc5rM.XHWKc1NkeVO6T18zXxUhHCDO9SdmmGCnPtrMzLX4MZc&dib_tag=se&keywords=Nasher+Miles+luggage&qid=1775060223&sr=8-8
Nasher Miles,Nasher Miles,Medium,3089,15995,80.69,4.2,0,https://www.amazon.in/Nasher-Miles-Hard-Sided-Polypropylene-Suitcase/dp/B0GCZGLLK5/ref=sr_1_9?dib=eyJ2IjoiMSJ9.oE_4SO2MuwdKUl-MwFUlchiFtmMkXSyBcNjEiBHVVu9Y3n7f4FynI4s5neO_TS0GWyADYHZYckF9Ti_LEe60CrS7739T-3yQTduxpBSp4doeo6mERPuyzuvhW_zDvyNcYTgH0irp6Dx3sP7rlueTgZHJAo17t9RSaUYeCCXX8ahro5BoK9wZlglKJdBkZoFU65tpPgifpABfLaMm2QwZlGapAEJgYhkNkCrHOfaBiwRxdOAe4q6OdIIaatgZ34t5cPN3m7aGZ55ehI5fAMVSVc_NSP1EkceS6JW8xUJc5rM.XHWKc1NkeVO6T18zXxUhHCDO9SdmmGCnPtrMzLX4MZc&dib_tag=se&keywords=Nasher+Miles+luggage&qid=1775060223&sr=8-9
Nasher Miles,Nasher Miles,Medium,2969,15995,81.44,4.2,0,https://www.amazon.in/Nasher-Miles-Hard-Sided-Polypropylene-Suitcase/dp/B0GCZJR5ZY/ref=sr_1_10?dib=eyJ2IjoiMSJ9.oE_4SO2MuwdKUl-MwFUlchiFtmMkXSyBcNjEiBHVVu9Y3n7f4FynI4s5neO_TS0GWyADYHZYckF9Ti_LEe60CrS7739T-3yQTduxpBSp4doeo6mERPuyzuvhW_zDvyNcYTgH0irp6Dx3sP7rlueTgZHJAo17t9RSaUYeCCXX8ahro5BoK9wZlglKJdBkZoFU65tpPgifpABfLaMm2QwZlGapAEJgYhkNkCrHOfaBiwRxdOAe4q6OdIIaatgZ34t5cPN3m7aGZ55ehI5fAMVSVc_NSP1EkceS6JW8xUJc5rM.XHWKc1NkeVO6T18zXxUhHCDO9SdmmGCnPtrMzLX4MZc&dib_tag=se&keywords=Nasher+Miles+luggage&qid=1775060223&sr=8-10
Nasher Miles,Nasher Miles,Medium,3699,16995,78.23,4.4,0,https://www.amazon.in/Nasher-Miles-Expander-Hard-Sided-Polypropylene/dp/B0D6BS5BGY/ref=sr_1_11?dib=eyJ2IjoiMSJ9.oE_4SO2MuwdKUl-MwFUlchiFtmMkXSyBcNjEiBHVVu9Y3n7f4FynI4s5neO_TS0GWyADYHZYckF9Ti_LEe60CrS7739T-3yQTduxpBSp4doeo6mERPuyzuvhW_zDvyNcYTgH0irp6Dx3sP7rlueTgZHJAo17t9RSaUYeCCXX8ahro5BoK9wZlglKJdBkZoFU65tpPgifpABfLaMm2QwZlGapAEJgYhkNkCrHOfaBiwRxdOAe4q6OdIIaatgZ34t5cPN3m7aGZ55ehI5fAMVSVc_NSP1EkceS6JW8xUJc5rM.XHWKc1NkeVO6T18zXxUhHCDO9SdmmGCnPtrMzLX4MZc&dib_tag=se&keywords=Nasher+Miles+luggage&qid=1775060223&sr=8-11
Nasher Miles,Nasher Miles,Medium,2599,13995,81.43,4.2,0,https://www.amazon.in/Nasher-Miles-Hard-Sided-Polypropylene-Luggage/dp/B0CGTX3Z86/ref=sr_1_12?dib=eyJ2IjoiMSJ9.oE_4SO2MuwdKUl-MwFUlchiFtmMkXSyBcNjEiBHVVu9Y3n7f4FynI4s5neO_TS0GWyADYHZYckF9Ti_LEe60CrS7739T-3yQTduxpBSp4doeo6mERPuyzuvhW_zDvyNcYTgH0irp6Dx3sP7rlueTgZHJAo17t9RSaUYeCCXX8ahro5BoK9wZlglKJdBkZoFU65tpPgifpABfLaMm2QwZlGapAEJgYhkNkCrHOfaBiwRxdOAe4q6OdIIaatgZ34t5cPN3m7aGZ55ehI5fAMVSVc_NSP1EkceS6JW8xUJc5rM.XHWKc1NkeVO6T18zXxUhHCDO9SdmmGCnPtrMzLX4MZc&dib_tag=se&keywords=Nasher+Miles+luggage&qid=1775060223&sr=8-12
Nasher Miles,Nasher Miles,Medium,4999,18995,73.68,4.0,0,https://www.amazon.in/Nasher-Miles-Istanbul-Yellow-Grey/dp/B083M1SXXN/ref=sr_1_13?dib=eyJ2IjoiMSJ9.oE_4SO2MuwdKUl-MwFUlchiFtmMkXSyBcNjEiBHVVu9Y3n7f4FynI4s5neO_TS0GWyADYHZYckF9Ti_LEe60CrS7739T-3yQTduxpBSp4doeo6mERPuyzuvhW_zDvyNcYTgH0irp6Dx3sP7rlueTgZHJAo17t9RSaUYeCCXX8ahro5BoK9wZlglKJdBkZoFU65tpPgifpABfLaMm2QwZlGapAEJgYhkNkCrHOfaBiwRxdOAe4q6OdIIaatgZ34t5cPN3m7aGZ55ehI5fAMVSVc_NSP1EkceS6JW8xUJc5rM.XHWKc1NkeVO6T18zXxUhHCDO9SdmmGCnPtrMzLX4MZc&dib_tag=se&keywords=Nasher+Miles+luggage&qid=1775060223&sr=8-13
Nasher Miles,Nasher Miles,Medium,4999,18995,73.68,4.0,0,https://www.amazon.in/Nasher-Miles-Istanbul-Hard-Sided-Polycarbonate/dp/B094DM58FP/ref=sr_1_15?dib=eyJ2IjoiMSJ9.oE_4SO2MuwdKUl-MwFUlchiFtmMkXSyBcNjEiBHVVu9Y3n7f4FynI4s5neO_TS0GWyADYHZYckF9Ti_LEe60CrS7739T-3yQTduxpBSp4doeo6mERPuyzuvhW_zDvyNcYTgH0irp6Dx3sP7rlueTgZHJAo17t9RSaUYeCCXX8ahro5BoK9wZlglKJdBkZoFU65tpPgifpABfLaMm2QwZlGapAEJgYhkNkCrHOfaBiwRxdOAe4q6OdIIaatgZ34t5cPN3m7aGZ55ehI5fAMVSVc_NSP1EkceS6JW8xUJc5rM.XHWKc1NkeVO6T18zXxUhHCDO9SdmmGCnPtrMzLX4MZc&dib_tag=se&keywords=Nasher+Miles+luggage&qid=1775060223&sr=8-15
Aristocrat,Aristocrat,Medium,1879,10890,82.75,4.1,0,https://www.amazon.in/sspa/click?ie=UTF8&spc=MTo2OTczMzM2MjA4ODE1NDU1OjE3NzUwNjAyMzg6c3BfYXRmOjMwMDYwNjE4NTU4MTYzMjo6MDo6&url=%2FAristocrat-Suitcase-Combination-Convipack-International%2Fdp%2FB0FC6NNC9N%2Fref%3Dsr_1_1_sspa%3Fdib%3DeyJ2IjoiMSJ9.XgEtmnRgih0yN4Ifkz_cxovB1f73D2nQiaCEqHCvFOX_-DgiyIBrAq8kFqMfY1K_-T68aDpxG3grwkx-xTykzmOJU3LkqLEdlUkD60OCm_i5SwBUPGR-Ti0ZeARDdheH0KOyrDjHii1axUKko_V_MrENaanJ1gjVtMCBO2mX1yZGZWpVzZjcvb-VKTZ3wUe2BVQTbdvj-8tZajixxLzX735RxvOLAcVKTBknV0aKpIalTEjBFu1Qn-TfaSXsEHuwv8JWDOlQW_vRdJwvcnFb--0PEEEpmmtpujvJG5x1vcQ.TJxuFLisItDELpGhQVY1QLvD8U7kuViMjRFNkG0S_1o%26dib_tag%3Dse%26keywords%3DAristocrat%2Bluggage%26qid%3D1775060238%26sr%3D8-1-spons%26aref%3DqDikO7tUp2%26sp_csd%3Dd2lkZ2V0TmFtZT1zcF9hdGY%26psc%3D1&aref=qDikO7tUp2&sp_cr=ZAZ
Aristocrat,Aristocrat,Medium,709,4160,82.96,4.1,0,https://www.amazon.in/sspa/click?ie=UTF8&spc=MTo2OTczMzM2MjA4ODE1NDU1OjE3NzUwNjAyMzg6c3BfYXRmOjMwMDY0ODgxMzY5OTQzMjo6MDo6&url=%2FAristocrat-Rookie-Duffle-Teal-Blue%2Fdp%2FB09NXV58V3%2Fref%3Dsr_1_2_sspa%3Fdib%3DeyJ2IjoiMSJ9.XgEtmnRgih0yN4Ifkz_cxovB1f73D2nQiaCEqHCvFOX_-DgiyIBrAq8kFqMfY1K_-T68aDpxG3grwkx-xTykzmOJU3LkqLEdlUkD60OCm_i5SwBUPGR-Ti0ZeARDdheH0KOyrDjHii1axUKko_V_MrENaanJ1gjVtMCBO2mX1yZGZWpVzZjcvb-VKTZ3wUe2BVQTbdvj-8tZajixxLzX735RxvOLAcVKTBknV0aKpIalTEjBFu1Qn-TfaSXsEHuwv8JWDOlQW_vRdJwvcnFb--0PEEEpmmtpujvJG5x1vcQ.TJxuFLisItDELpGhQVY1QLvD8U7kuViMjRFNkG0S_1o%26dib_tag%3Dse%26keywords%3DAristocrat%2Bluggage%26qid%3D1775060238%26sr%3D8-2-spons%26aref%3D9zfUDOGoIH%26sp_csd%3Dd2lkZ2V0TmFtZT1zcF9hdGY%26psc%3D1&aref=9zfUDOGoIH&sp_cr=ZAZ
Aristocrat,Aristocrat,Medium,2699,11240,75.99,4.2,0,https://www.amazon.in/sspa/click?ie=UTF8&spc=MTo2OTczMzM2MjA4ODE1NDU1OjE3NzUwNjAyMzg6c3BfYXRmOjMwMDU2Mjg4ODQ1OTAzMjo6MDo6&url=%2FAristocrat-Spacious-Polyester-Combination-Dazzling%2Fdp%2FB0C8YWY72M%2Fref%3Dsr_1_3_sspa%3Fdib%3DeyJ2IjoiMSJ9.XgEtmnRgih0yN4Ifkz_cxovB1f73D2nQiaCEqHCvFOX_-DgiyIBrAq8kFqMfY1K_-T68aDpxG3grwkx-xTykzmOJU3LkqLEdlUkD60OCm_i5SwBUPGR-Ti0ZeARDdheH0KOyrDjHii1axUKko_V_MrENaanJ1gjVtMCBO2mX1yZGZWpVzZjcvb-VKTZ3wUe2BVQTbdvj-8tZajixxLzX735RxvOLAcVKTBknV0aKpIalTEjBFu1Qn-TfaSXsEHuwv8JWDOlQW_vRdJwvcnFb--0PEEEpmmtpujvJG5x1vcQ.TJxuFLisItDELpGhQVY1QLvD8U7kuViMjRFNkG0S_1o%26dib_tag%3Dse%26keywords%3DAristocrat%2Bluggage%26qid%3D1775060238%26sr%3D8-3-spons%26aref%3DmhoZuROs4C%26sp_csd%3Dd2lkZ2V0TmFtZT1zcF9hdGY%26psc%3D1&aref=mhoZuROs4C&sp_cr=ZAZ
Aristocrat,Aristocrat,Medium,2479,11000,77.46,4.2,0,https://www.amazon.in/sspa/click?ie=UTF8&spc=MTo2OTczMzM2MjA4ODE1NDU1OjE3NzUwNjAyMzg6c3BfYXRmOjMwMDI3ODE4ODA5NTgzMjo6MDo6&url=%2FAristocrat-Spacious-Polyeste-Combination-Dazzling%2Fdp%2FB0C8YW686H%2Fref%3Dsr_1_4_sspa%3Fdib%3DeyJ2IjoiMSJ9.XgEtmnRgih0yN4Ifkz_cxovB1f73D2nQiaCEqHCvFOX_-DgiyIBrAq8kFqMfY1K_-T68aDpxG3grwkx-xTykzmOJU3LkqLEdlUkD60OCm_i5SwBUPGR-Ti0ZeARDdheH0KOyrDjHii1axUKko_V_MrENaanJ1gjVtMCBO2mX1yZGZWpVzZjcvb-VKTZ3wUe2BVQTbdvj-8tZajixxLzX735RxvOLAcVKTBknV0aKpIalTEjBFu1Qn-TfaSXsEHuwv8JWDOlQW_vRdJwvcnFb--0PEEEpmmtpujvJG5x1vcQ.TJxuFLisItDELpGhQVY1QLvD8U7kuViMjRFNkG0S_1o%26dib_tag%3Dse%26keywords%3DAristocrat%2Bluggage%26qid%3D1775060238%26sr%3D8-4-spons%26aref%3DzuG1SpWb4b%26sp_csd%3Dd2lkZ2V0TmFtZT1zcF9hdGY%26psc%3D1&aref=zuG1SpWb4b&sp_cr=ZAZ
Aristocrat,Aristocrat,Medium,2099,12920,83.75,4.1,0,https://www.amazon.in/Aristocrat-Trolley-Lightweight-Combination-Warranty/dp/B0D4S1FHLD/ref=sr_1_5?dib=eyJ2IjoiMSJ9.XgEtmnRgih0yN4Ifkz_cxovB1f73D2nQiaCEqHCvFOX_-DgiyIBrAq8kFqMfY1K_-T68aDpxG3grwkx-xTykzmOJU3LkqLEdlUkD60OCm_i5SwBUPGR-Ti0ZeARDdheH0KOyrDjHii1axUKko_V_MrENaanJ1gjVtMCBO2mX1yZGZWpVzZjcvb-VKTZ3wUe2BVQTbdvj-8tZajixxLzX735RxvOLAcVKTBknV0aKpIalTEjBFu1Qn-TfaSXsEHuwv8JWDOlQW_vRdJwvcnFb--0PEEEpmmtpujvJG5x1vcQ.TJxuFLisItDELpGhQVY1QLvD8U7kuViMjRFNkG0S_1o&dib_tag=se&keywords=Aristocrat+luggage&qid=1775060238&sr=8-5
Aristocrat,Aristocrat,Medium,3149,18880,83.32,4.1,0,https://www.amazon.in/Aristocrat-Suitcase-Combination-Convipack-International/dp/B0FC6L8H6G/ref=sr_1_6?dib=eyJ2IjoiMSJ9.XgEtmnRgih0yN4Ifkz_cxovB1f73D2nQiaCEqHCvFOX_-DgiyIBrAq8kFqMfY1K_-T68aDpxG3grwkx-xTykzmOJU3LkqLEdlUkD60OCm_i5SwBUPGR-Ti0ZeARDdheH0KOyrDjHii1axUKko_V_MrENaanJ1gjVtMCBO2mX1yZGZWpVzZjcvb-VKTZ3wUe2BVQTbdvj-8tZajixxLzX735RxvOLAcVKTBknV0aKpIalTEjBFu1Qn-TfaSXsEHuwv8JWDOlQW_vRdJwvcnFb--0PEEEpmmtpujvJG5x1vcQ.TJxuFLisItDELpGhQVY1QLvD8U7kuViMjRFNkG0S_1o&dib_tag=se&keywords=Aristocrat+luggage&qid=1775060238&sr=8-6
Aristocrat,Aristocrat,Medium,1499,6250,76.02,4.2,0,https://www.amazon.in/Aristocrat-Liberty-Combination-International-Warranty/dp/B0FMF3SLPK/ref=sr_1_7?dib=eyJ2IjoiMSJ9.XgEtmnRgih0yN4Ifkz_cxovB1f73D2nQiaCEqHCvFOX_-DgiyIBrAq8kFqMfY1K_-T68aDpxG3grwkx-xTykzmOJU3LkqLEdlUkD60OCm_i5SwBUPGR-Ti0ZeARDdheH0KOyrDjHii1axUKko_V_MrENaanJ1gjVtMCBO2mX1yZGZWpVzZjcvb-VKTZ3wUe2BVQTbdvj-8tZajixxLzX735RxvOLAcVKTBknV0aKpIalTEjBFu1Qn-TfaSXsEHuwv8JWDOlQW_vRdJwvcnFb--0PEEEpmmtpujvJG5x1vcQ.TJxuFLisItDELpGhQVY1QLvD8U7kuViMjRFNkG0S_1o&dib_tag=se&keywords=Aristocrat+luggage&qid=1775060238&sr=8-7
Aristocrat,Aristocrat,Medium,1949,8125,76.01,4.2,0,https://www.amazon.in/Aristocrat-Liberty-Combination-International-Warranty/dp/B0FMF7NN53/ref=sr_1_8?dib=eyJ2IjoiMSJ9.XgEtmnRgih0yN4Ifkz_cxovB1f73D2nQiaCEqHCvFOX_-DgiyIBrAq8kFqMfY1K_-T68aDpxG3grwkx-xTykzmOJU3LkqLEdlUkD60OCm_i5SwBUPGR-Ti0ZeARDdheH0KOyrDjHii1axUKko_V_MrENaanJ1gjVtMCBO2mX1yZGZWpVzZjcvb-VKTZ3wUe2BVQTbdvj-8tZajixxLzX735RxvOLAcVKTBknV0aKpIalTEjBFu1Qn-TfaSXsEHuwv8JWDOlQW_vRdJwvcnFb--0PEEEpmmtpujvJG5x1vcQ.TJxuFLisItDELpGhQVY1QLvD8U7kuViMjRFNkG0S_1o&dib_tag=se&keywords=Aristocrat+luggage&qid=1775060238&sr=8-8
Aristocrat,Aristocrat,Medium,469,2080,77.45,4.3,0,https://www.amazon.in/Aristocrat-Enigma-Polyester-Softsided-Duffle/dp/B0CWSB5B17/ref=sr_1_9?dib=eyJ2IjoiMSJ9.XgEtmnRgih0yN4Ifkz_cxovB1f73D2nQiaCEqHCvFOX_-DgiyIBrAq8kFqMfY1K_-T68aDpxG3grwkx-xTykzmOJU3LkqLEdlUkD60OCm_i5SwBUPGR-Ti0ZeARDdheH0KOyrDjHii1axUKko_V_MrENaanJ1gjVtMCBO2mX1yZGZWpVzZjcvb-VKTZ3wUe2BVQTbdvj-8tZajixxLzX735RxvOLAcVKTBknV0aKpIalTEjBFu1Qn-TfaSXsEHuwv8JWDOlQW_vRdJwvcnFb--0PEEEpmmtpujvJG5x1vcQ.TJxuFLisItDELpGhQVY1QLvD8U7kuViMjRFNkG0S_1o&dib_tag=se&keywords=Aristocrat+luggage&qid=1775060238&sr=8-9
Aristocrat,Aristocrat,Medium,2699,11240,75.99,4.2,0,https://www.amazon.in/Aristocrat-Spacious-Polyester-Combination-Dazzling/dp/B0C8YWY72M/ref=sr_1_10?dib=eyJ2IjoiMSJ9.XgEtmnRgih0yN4Ifkz_cxovB1f73D2nQiaCEqHCvFOX_-DgiyIBrAq8kFqMfY1K_-T68aDpxG3grwkx-xTykzmOJU3LkqLEdlUkD60OCm_i5SwBUPGR-Ti0ZeARDdheH0KOyrDjHii1axUKko_V_MrENaanJ1gjVtMCBO2mX1yZGZWpVzZjcvb-VKTZ3wUe2BVQTbdvj-8tZajixxLzX735RxvOLAcVKTBknV0aKpIalTEjBFu1Qn-TfaSXsEHuwv8JWDOlQW_vRdJwvcnFb--0PEEEpmmtpujvJG5x1vcQ.TJxuFLisItDELpGhQVY1QLvD8U7kuViMjRFNkG0S_1o&dib_tag=se&keywords=Aristocrat+luggage&qid=1775060238&sr=8-10
Aristocrat,Aristocrat,Medium,1709,7540,77.33,4.3,0,https://www.amazon.in/Aristocrat-Commander-Premium-Polyester-Suitcase/dp/B0C1K7SD4W/ref=sr_1_11?dib=eyJ2IjoiMSJ9.XgEtmnRgih0yN4Ifkz_cxovB1f73D2nQiaCEqHCvFOX_-DgiyIBrAq8kFqMfY1K_-T68aDpxG3grwkx-xTykzmOJU3LkqLEdlUkD60OCm_i5SwBUPGR-Ti0ZeARDdheH0KOyrDjHii1axUKko_V_MrENaanJ1gjVtMCBO2mX1yZGZWpVzZjcvb-VKTZ3wUe2BVQTbdvj-8tZajixxLzX735RxvOLAcVKTBknV0aKpIalTEjBFu1Qn-TfaSXsEHuwv8JWDOlQW_vRdJwvcnFb--0PEEEpmmtpujvJG5x1vcQ.TJxuFLisItDELpGhQVY1QLvD8U7kuViMjRFNkG0S_1o&dib_tag=se&keywords=Aristocrat+luggage&qid=1775060238&sr=8-11
Aristocrat,Aristocrat,Medium,2049,8490,75.87,4.1,0,https://www.amazon.in/Aristocrat-Suitcase-Combination-Convipack-Warranty/dp/B0FPXH2SP9/ref=sr_1_12?dib=eyJ2IjoiMSJ9.XgEtmnRgih0yN4Ifkz_cxovB1f73D2nQiaCEqHCvFOX_-DgiyIBrAq8kFqMfY1K_-T68aDpxG3grwkx-xTykzmOJU3LkqLEdlUkD60OCm_i5SwBUPGR-Ti0ZeARDdheH0KOyrDjHii1axUKko_V_MrENaanJ1gjVtMCBO2mX1yZGZWpVzZjcvb-VKTZ3wUe2BVQTbdvj-8tZajixxLzX735RxvOLAcVKTBknV0aKpIalTEjBFu1Qn-TfaSXsEHuwv8JWDOlQW_vRdJwvcnFb--0PEEEpmmtpujvJG5x1vcQ.TJxuFLisItDELpGhQVY1QLvD8U7kuViMjRFNkG0S_1o&dib_tag=se&keywords=Aristocrat+luggage&qid=1775060238&sr=8-12
Aristocrat,Aristocrat,Medium,619,3570,82.66,4.2,0,https://www.amazon.in/Aristocrat-Rookie-Duffle-Teal-Blue/dp/B09NXVCXJW/ref=sr_1_13?dib=eyJ2IjoiMSJ9.XgEtmnRgih0yN4Ifkz_cxovB1f73D2nQiaCEqHCvFOX_-DgiyIBrAq8kFqMfY1K_-T68aDpxG3grwkx-xTykzmOJU3LkqLEdlUkD60OCm_i5SwBUPGR-Ti0ZeARDdheH0KOyrDjHii1axUKko_V_MrENaanJ1gjVtMCBO2mX1yZGZWpVzZjcvb-VKTZ3wUe2BVQTbdvj-8tZajixxLzX735RxvOLAcVKTBknV0aKpIalTEjBFu1Qn-TfaSXsEHuwv8JWDOlQW_vRdJwvcnFb--0PEEEpmmtpujvJG5x1vcQ.TJxuFLisItDELpGhQVY1QLvD8U7kuViMjRFNkG0S_1o&dib_tag=se&keywords=Aristocrat+luggage&qid=1775060238&sr=8-13
Aristocrat,Aristocrat,Medium,1499,7700,80.53,4.1,0,https://www.amazon.in/Aristocrat-Spinners-Trolley-Lightweight-Anti-Theft/dp/B0DG2CJQCW/ref=sr_1_14?dib=eyJ2IjoiMSJ9.XgEtmnRgih0yN4Ifkz_cxovB1f73D2nQiaCEqHCvFOX_-DgiyIBrAq8kFqMfY1K_-T68aDpxG3grwkx-xTykzmOJU3LkqLEdlUkD60OCm_i5SwBUPGR-Ti0ZeARDdheH0KOyrDjHii1axUKko_V_MrENaanJ1gjVtMCBO2mX1yZGZWpVzZjcvb-VKTZ3wUe2BVQTbdvj-8tZajixxLzX735RxvOLAcVKTBknV0aKpIalTEjBFu1Qn-TfaSXsEHuwv8JWDOlQW_vRdJwvcnFb--0PEEEpmmtpujvJG5x1vcQ.TJxuFLisItDELpGhQVY1QLvD8U7kuViMjRFNkG0S_1o&dib_tag=se&keywords=Aristocrat+luggage&qid=1775060238&sr=8-14
Aristocrat,Aristocrat,Medium,2099,9300,77.43,4.1,0,https://www.amazon.in/Aristocrat-Spacious-Polyester-Combination-Dazzling/dp/B0C8YSXSS9/ref=sr_1_15?dib=eyJ2IjoiMSJ9.XgEtmnRgih0yN4Ifkz_cxovB1f73D2nQiaCEqHCvFOX_-DgiyIBrAq8kFqMfY1K_-T68aDpxG3grwkx-xTykzmOJU3LkqLEdlUkD60OCm_i5SwBUPGR-Ti0ZeARDdheH0KOyrDjHii1axUKko_V_MrENaanJ1gjVtMCBO2mX1yZGZWpVzZjcvb-VKTZ3wUe2BVQTbdvj-8tZajixxLzX735RxvOLAcVKTBknV0aKpIalTEjBFu1Qn-TfaSXsEHuwv8JWDOlQW_vRdJwvcnFb--0PEEEpmmtpujvJG5x1vcQ.TJxuFLisItDELpGhQVY1QLvD8U7kuViMjRFNkG0S_1o&dib_tag=se&keywords=Aristocrat+luggage&qid=1775060238&sr=8-15
