Brand,Product,Review,Sentiment,Sentiment Score,Wheels_Score,Zippers_Score,Handle_Score,Material_Score,Capacity_Score
Safari,Safari Premium Polycarbonate Cabin Luggage,Overall a positive experience. The smooth wheels makes this a great choice for travel.,Positive,0.24896426177449138,9.995947348725327,9.17770158120603,7.190799677929364,6.572827480363479,9.121007425744029
Safari,Safari Premium Polycarbonate Cabin Luggage,Overall a positive experience. The excellent zippers makes this a great choice for travel.,Positive,0.39463157949037486,9.93994409515971,9.221867636904143,8.41911875037913,8.017200028132535,9.791251782735955
Safari,Safari Premium Polycarbonate Cabin Luggage,Overall a positive experience. The sturdy material makes this a great choice for travel.,Positive,0.7960735725985575,6.145560886501439,8.418180677116869,8.412547321705608,6.161721603604111,9.328859019112105
Safari,Safari Premium Polycarbonate Cabin Luggage,Overall a positive experience. The excellent zippers makes this a great choice for travel.,Positive,0.3035715591424797,9.01264004771598,8.697596435800557,8.868766573160318,8.892028964236397,6.701433300073096
Safari,Safari Premium Polycarbonate Cabin Luggage,Overall a positive experience. The sturdy material makes this a great choice for travel.,Positive,0.49715170807600384,8.278710998443088,8.526561893991708,9.50973647028513,8.61479815540556,6.4365936220965
Safari,Safari Premium Polycarbonate Medium Luggage,Overall a positive experience. The great capacity makes this a great choice for travel.,Positive,0.8467154470655175,7.761591792845721,8.409760828431615,7.932995909531076,9.126177546166481,7.894271140331577
Safari,Safari Premium Polycarbonate Medium Luggage,Overall a positive experience. The sturdy material makes this a great choice for travel.,Positive,0.8616475012116234,9.823169043012706,9.611346798818392,8.918679765911062,8.713680303752326,8.557497251384465
Safari,Safari Premium Polycarbonate Medium Luggage,Overall a positive experience. The telescopic handle is great makes this a great choice for travel.,Positive,0.12658467580146207,7.694773853210274,9.129055709162206,9.974216880778567,8.138880114790119,6.770605045522462
Safari,Safari Premium Polycarbonate Medium Luggage,Overall a positive experience. The smooth wheels makes this a great choice for travel.,Positive,0.7544526123162202,8.393339380617444,9.3947536489651,6.761866083732485,8.602546233537335,6.769314983115537
Safari,Safari Premium Polycarbonate Medium Luggage,Overall a positive experience. The smooth wheels makes this a great choice for travel.,Positive,0.8450165830688724,8.441472066813478,8.883616818097028,7.79675714021444,8.734885331220497,9.599964717928607
Safari,Safari Premium Polycarbonate Cabin Luggage,Overall a positive experience. The telescopic handle is great makes this a great choice for travel.,Positive,0.8456087628659869,6.054395744495703,9.01300370922165,6.0137781333545925,9.242192171525836,9.441744286689422
Safari,Safari Premium Polycarbonate Cabin Luggage,Overall a positive experience. The sturdy material makes this a great choice for travel.,Positive,0.13224628892936244,9.381412734142478,9.43869617735811,6.170471350581364,6.997068237469817,8.023887734063807
Safari,Safari Premium Polycarbonate Cabin Luggage,Overall a positive experience. The telescopic handle is great makes this a great choice for travel.,Positive,0.5857439381854935,8.59346527523065,6.809544634110866,7.300540271019379,8.591043630995713,8.761356187096432
Safari,Safari Premium Polycarbonate Cabin Luggage,Overall a positive experience. The smooth wheels makes this a great choice for travel.,Positive,0.6069528746006134,7.500117779748068,8.837066619988294,9.558753902724607,6.138970866276617,7.64735712424236
Safari,Safari Premium Polycarbonate Cabin Luggage,Overall a positive experience. The smooth wheels makes this a great choice for travel.,Positive,0.41078028002771017,6.764068388976931,9.976194694589836,6.161532991192915,8.372596865720508,7.227258184434898
Safari,Safari Premium Polycarbonate Cabin Luggage,Overall a positive experience. The excellent zippers makes this a great choice for travel.,Positive,0.4074616658694571,7.807642908287352,8.248227753183308,8.224287541829025,8.841209269003665,6.923186332614178
Safari,Safari Premium Polycarbonate Cabin Luggage,Overall a positive experience. The sturdy material makes this a great choice for travel.,Positive,0.39799916474832175,9.469089986112227,7.825430679105239,7.86915696692537,6.516495156220752,6.533352975304421
Safari,Safari Premium Polycarbonate Cabin Luggage,Overall a positive experience. The excellent zippers makes this a great choice for travel.,Positive,0.13731534404073617,7.952061999874867,8.84200408858703,9.515405776711878,7.535812714338612,8.942313489452781
Safari,Safari Premium Polycarbonate Cabin Luggage,Overall a positive experience. The great capacity makes this a great choice for travel.,Positive,0.8192059992180692,7.616882182863547,6.093827773436315,7.480290160351563,7.414958778343886,6.959169110641906
Safari,Safari Premium Polycarbonate Cabin Luggage,Overall a positive experience. The great capacity makes this a great choice for travel.,Positive,0.2964095340501868,7.1969193914197245,9.485462779391106,8.873618183981765,9.961300988223597,9.841290482269143
Safari,Safari Premium Polycarbonate Large Luggage,Overall a positive experience. The telescopic handle is great makes this a great choice for travel.,Positive,0.7321853484134974,9.504948853227017,9.342784879268063,6.064445498731496,7.921309574114152,9.330901013719018
Safari,Safari Premium Polycarbonate Large Luggage,Overall a positive experience. The sturdy material makes this a great choice for travel.,Positive,0.6144893761860787,9.491881884885174,8.265416973289744,9.965226111843418,8.202792157286684,9.09578694911008
Safari,Safari Premium Polycarbonate Large Luggage,Overall a positive experience. The great capacity makes this a great choice for travel.,Positive,0.4904954195192922,6.585957490061235,6.551302246292822,9.196925544600452,6.650074531764377,7.219680566651112
Safari,Safari Premium Polycarbonate Large Luggage,Overall a positive experience. The great capacity makes this a great choice for travel.,Positive,0.24061265048888325,9.848817688151104,6.694534206735712,7.267795648798285,8.037520512751378,8.235102497801018
Safari,Safari Premium Polycarbonate Large Luggage,Overall a positive experience. The telescopic handle is great makes this a great choice for travel.,Positive,0.7951942346617614,8.945076106938028,7.123180146476752,9.908771327093534,9.965100497942778,8.67073608625007
Safari,Safari Premium Polycarbonate Cabin Luggage,Overall a positive experience. The telescopic handle is great makes this a great choice for travel.,Positive,0.3857180878741613,6.074262381485871,9.896923377370522,6.710083552445276,8.571604584999184,7.544807423081419
Safari,Safari Premium Polycarbonate Cabin Luggage,Overall a positive experience. The telescopic handle is great makes this a great choice for travel.,Positive,0.2312699965630209,9.491947866943418,8.09008693202713,8.265824311041218,7.422379844027102,7.381939191182116
Safari,Safari Premium Polycarbonate Cabin Luggage,Overall a positive experience. The smooth wheels makes this a great choice for travel.,Positive,0.34187890412842337,9.699721383758668,8.642836998421064,8.043292917192982,7.802235397970142,6.136566503371873
Safari,Safari Premium Polycarbonate Cabin Luggage,Overall a positive experience. The smooth wheels makes this a great choice for travel.,Positive,0.2192371854696707,9.655154510534896,9.51302180782399,9.592219838974355,8.203236900516025,6.486773091793731
Safari,Safari Premium Polycarbonate Cabin Luggage,Overall a positive experience. The sturdy material makes this a great choice for travel.,Positive,0.2275314998783375,9.633524605245473,6.925013492658669,6.166888706198173,6.978683750324638,9.731316329884812
Safari,Safari Premium Polycarbonate Large Luggage,Overall a positive experience. The excellent zippers makes this a great choice for travel.,Positive,0.6689805887188325,9.376007496223288,9.807826005238368,6.082966906424378,7.376221439660982,7.848752812217828
Safari,Safari Premium Polycarbonate Large Luggage,Overall a negative experience. The smaller than expected makes this a terrible choice for travel.,Negative,-0.20422741509027853,2.4555433821721553,1.1214818079578106,2.084470042146349,3.7308513276333968,4.6662494009785735
Safari,Safari Premium Polycarbonate Large Luggage,Overall a positive experience. The excellent zippers makes this a great choice for travel.,Positive,0.2884584338886358,9.783507042197638,6.121068415499041,6.9636332474213365,8.755091308238136,9.906205941858556
Safari,Safari Premium Polycarbonate Large Luggage,Overall a positive experience. The excellent zippers makes this a great choice for travel.,Positive,0.24121411174511354,8.66172232751385,6.524452870579752,9.44002496324609,9.042058242701852,8.536672295967586
Safari,Safari Premium Polycarbonate Large Luggage,Overall a positive experience. The sturdy material makes this a great choice for travel.,Positive,0.8852415065649181,6.6209076961290005,6.389355791756319,6.8315605813128135,9.490009182204025,7.777794826235738
Safari,Safari Premium Polycarbonate Cabin Luggage,Overall a positive experience. The telescopic handle is great makes this a great choice for travel.,Positive,0.2581443489852593,9.790804170129277,7.6903194600305955,9.834327779128166,8.48787535569685,9.145842281394788
Safari,Safari Premium Polycarbonate Cabin Luggage,Overall a positive experience. The telescopic handle is great makes this a great choice for travel.,Positive,0.8974915429356022,9.069595257710303,7.13921591315864,9.538555368450108,9.20252697646269,8.982122776367781
Safari,Safari Premium Polycarbonate Cabin Luggage,Overall a positive experience. The smooth wheels makes this a great choice for travel.,Positive,0.6056795511588846,7.039656462478663,7.2059038678797025,6.029700528173715,6.586877424592508,9.440335575545182
Safari,Safari Premium Polycarbonate Cabin Luggage,Overall a positive experience. The sturdy material makes this a great choice for travel.,Positive,0.6547415911679885,9.171384197924118,6.84030128945154,7.439078109606458,9.861002517706254,9.862408836013524
Safari,Safari Premium Polycarbonate Cabin Luggage,Overall a positive experience. The great capacity makes this a great choice for travel.,Positive,0.49652071921815644,8.204319364446068,8.025246998270458,6.891039315845399,8.795169625993799,6.428108315417391
Safari,Safari Premium Polycarbonate Medium Luggage,Overall a negative experience. The wheels get stuck makes this a terrible choice for travel.,Negative,-0.2121573951088076,4.448636558188552,3.8285850865648694,1.9023758857026674,1.6117472584855488,4.558411845527165
Safari,Safari Premium Polycarbonate Medium Luggage,Overall a positive experience. The telescopic handle is great makes this a great choice for travel.,Positive,0.8769569241066273,6.220135639615086,9.69341686126557,7.700399794036808,8.143325099027445,7.7026688002429085
Safari,Safari Premium Polycarbonate Medium Luggage,Overall a positive experience. The excellent zippers makes this a great choice for travel.,Positive,0.2003951756553174,8.573606804563994,7.422631314715328,7.4202267620575935,6.0464657638111525,9.35660942149405
Safari,Safari Premium Polycarbonate Medium Luggage,Overall a positive experience. The sturdy material makes this a great choice for travel.,Positive,0.4398563558879207,6.475765272735368,6.0160879269622605,7.484365390585991,8.621188728062261,7.2016748351436295
Safari,Safari Premium Polycarbonate Medium Luggage,Overall a positive experience. The excellent zippers makes this a great choice for travel.,Positive,0.10366834203242395,8.478676321694296,7.12330861598068,6.3718856007360625,7.872407946123545,9.781015010894734
Safari,Safari Premium Polycarbonate Large Luggage,Overall a positive experience. The sturdy material makes this a great choice for travel.,Positive,0.6100640397052663,7.827111142625958,7.539314696908079,6.1320948082661975,7.185159414486004,8.04437871640101
Safari,Safari Premium Polycarbonate Large Luggage,Overall a positive experience. The great capacity makes this a great choice for travel.,Positive,0.5945228597140204,7.692473980739717,8.496247583738857,6.492256807469957,6.960652330635831,8.319183674899346
Safari,Safari Premium Polycarbonate Large Luggage,Overall a positive experience. The smooth wheels makes this a great choice for travel.,Positive,0.49561571963658646,7.411028793329512,9.043391805286687,9.748398064475442,8.133563336035547,9.429972698231303
Safari,Safari Premium Polycarbonate Large Luggage,Overall a positive experience. The excellent zippers makes this a great choice for travel.,Positive,0.3971535670113844,9.905001069199775,6.476317328991708,9.09951239183251,7.898193203504988,7.200516389734941
Safari,Safari Premium Polycarbonate Large Luggage,Overall a positive experience. The sturdy material makes this a great choice for travel.,Positive,0.35160087228833437,9.063039483015853,9.959599696887125,7.0057170994343885,8.32714853441156,6.4373100895296265
Safari,Safari Premium Polycarbonate Large Luggage,Overall a positive experience. The excellent zippers makes this a great choice for travel.,Positive,0.4868801473821064,9.27672895629789,9.402171330485032,7.243229762417586,6.483642518202092,9.625735613428956
Safari,Safari Premium Polycarbonate Large Luggage,Overall a positive experience. The sturdy material makes this a great choice for travel.,Positive,0.5333620886384561,8.281081774439501,8.394784903172809,7.089553304815995,9.278184682518464,6.434218690481343
Safari,Safari Premium Polycarbonate Large Luggage,Overall a negative experience. The smaller than expected makes this a terrible choice for travel.,Negative,-0.2751493993862505,3.612480254511132,1.284905364380755,2.6541009089074707,1.431117203482922,2.5056999736615024
Safari,Safari Premium Polycarbonate Large Luggage,Overall a positive experience. The smooth wheels makes this a great choice for travel.,Positive,0.1662448961938865,9.897695751932144,7.029494065779103,8.36754036827743,6.202607926150202,9.736554054940374
Safari,Safari Premium Polycarbonate Large Luggage,Overall a negative experience. The handle jammed makes this a terrible choice for travel.,Negative,-0.22849692054428605,3.941195739619019,2.6566756882345914,4.725535591167539,2.9149380590377603,2.1738576937222813
Safari,Safari Premium Polycarbonate Medium Luggage,Overall a positive experience. The excellent zippers makes this a great choice for travel.,Positive,0.5943387958984,6.120741706248063,7.8070746138974485,8.6316746299265,6.546292757642723,8.711263506642057
Safari,Safari Premium Polycarbonate Medium Luggage,Overall a positive experience. The telescopic handle is great makes this a great choice for travel.,Positive,0.5684035078129861,9.612514243058452,8.272764627789265,9.596208908125318,6.782561873745012,7.937287760765571
Safari,Safari Premium Polycarbonate Medium Luggage,Overall a positive experience. The telescopic handle is great makes this a great choice for travel.,Positive,0.34891370191287174,9.67082491948589,6.954673662642474,8.486827115392785,8.811647589685506,8.860544804009573
Safari,Safari Premium Polycarbonate Medium Luggage,Overall a positive experience. The telescopic handle is great makes this a great choice for travel.,Positive,0.5595456346610373,7.886762867955349,9.479106551920319,7.704633046665585,6.484832289514137,8.704536382014252
Safari,Safari Premium Polycarbonate Medium Luggage,Overall a positive experience. The smooth wheels makes this a great choice for travel.,Positive,0.24882693071530673,9.905567267038991,6.945524144649516,7.837824198854184,6.426282764915154,8.990495105958889
Skybags,Skybags Premium Polycarbonate Medium Luggage,Overall a positive experience. The smooth wheels makes this a great choice for travel.,Positive,0.2431164127677029,7.170073574735948,8.37919483723823,9.113620288997131,7.050699528086618,8.436252899842142
Skybags,Skybags Premium Polycarbonate Medium Luggage,Overall a positive experience. The great capacity makes this a great choice for travel.,Positive,0.710975401866893,8.317323771889244,7.699825211901226,8.105312034451142,8.354989857670123,6.7429136289902445
Skybags,Skybags Premium Polycarbonate Medium Luggage,Overall a negative experience. The handle jammed makes this a terrible choice for travel.,Negative,-0.26198116473787203,3.234079386162474,4.752922926979659,1.534320894302922,4.838359866402298,3.1719175656474596
Skybags,Skybags Premium Polycarbonate Medium Luggage,Overall a positive experience. The smooth wheels makes this a great choice for travel.,Positive,0.8926490319975371,7.144637158606896,6.661989604611918,9.340583491502686,7.563864310719928,9.585881607770455
Skybags,Skybags Premium Polycarbonate Medium Luggage,Overall a positive experience. The smooth wheels makes this a great choice for travel.,Positive,0.7909423114094006,6.9978696961019455,6.277183065572979,7.2919725300287475,9.003255683471712,8.63134456667499
Skybags,Skybags Premium Polycarbonate Large Luggage,Overall a positive experience. The sturdy material makes this a great choice for travel.,Positive,0.2882023307226138,8.490431632223054,9.750627838337984,7.194434896031104,9.900469782796787,9.455995281649292
Skybags,Skybags Premium Polycarbonate Large Luggage,Overall a positive experience. The great capacity makes this a great choice for travel.,Positive,0.7801172948008052,8.707837427404852,7.4774280454337685,8.069194842199023,7.710606576563594,8.935643483603586
Skybags,Skybags Premium Polycarbonate Large Luggage,Overall a positive experience. The great capacity makes this a great choice for travel.,Positive,0.32353572660552965,7.569020903548259,8.950370756300172,7.973628621548985,9.60057372118918,9.41605842182125
Skybags,Skybags Premium Polycarbonate Large Luggage,Overall a negative experience. The material scratches easily makes this a terrible choice for travel.,Negative,-0.48146845832979646,1.4528405269967823,3.0255976452257123,4.1541015269694,2.5011335149635365,4.018803467017072
Skybags,Skybags Premium Polycarbonate Large Luggage,Overall a positive experience. The smooth wheels makes this a great choice for travel.,Positive,0.3269869030142196,8.30338192906498,7.310024819597337,9.993358438646796,9.985112091917781,7.281810688368053
Skybags,Skybags Premium Polycarbonate Large Luggage,Overall a positive experience. The great capacity makes this a great choice for travel.,Positive,0.3027736594536446,6.483955561942049,7.208004960675787,6.394872973535454,6.478984361293207,8.93154481557441
Skybags,Skybags Premium Polycarbonate Large Luggage,Overall a negative experience. The wheels get stuck makes this a terrible choice for travel.,Negative,-0.31132053249236136,3.3954029254950626,3.250220775745143,4.50924103348406,2.1650932047485245,2.4213367486587014
Skybags,Skybags Premium Polycarbonate Large Luggage,Overall a positive experience. The excellent zippers makes this a great choice for travel.,Positive,0.3782083201351081,6.433298344337775,8.8051224855822,6.084630455999153,6.13203625628716,8.346805709539007
Skybags,Skybags Premium Polycarbonate Large Luggage,Overall a positive experience. The excellent zippers makes this a great choice for travel.,Positive,0.7464966068474181,8.705749243207825,8.5473891711382,8.275760373358004,9.793445864852703,7.56765556005152
Skybags,Skybags Premium Polycarbonate Large Luggage,Overall a positive experience. The telescopic handle is great makes this a great choice for travel.,Positive,0.8441545253448857,8.750164173405235,9.172168321101957,7.413404287690986,7.08306712237487,6.0822162212280295
Skybags,Skybags Premium Polycarbonate Large Luggage,Overall a positive experience. The smooth wheels makes this a great choice for travel.,Positive,0.1158082196148027,8.798017984642897,9.913349134647328,6.433350424820979,9.323000874312378,6.2067625146561065
Skybags,Skybags Premium Polycarbonate Large Luggage,Overall a negative experience. The smaller than expected makes this a terrible choice for travel.,Negative,-0.43506190455116756,1.2637979853431602,1.558866521805693,1.1996186081523375,4.494869589218095,1.0822399111478518
Skybags,Skybags Premium Polycarbonate Large Luggage,Overall a positive experience. The excellent zippers makes this a great choice for travel.,Positive,0.2999657706862221,6.606916213813266,6.525379059238187,7.962702903860945,9.934868554335097,9.135054076442625
Skybags,Skybags Premium Polycarbonate Large Luggage,Overall a positive experience. The excellent zippers makes this a great choice for travel.,Positive,0.5101345224803504,9.0364711152338,8.201265258163357,9.758970529108609,9.061313365290529,6.597407976254722
Skybags,Skybags Premium Polycarbonate Large Luggage,Overall a negative experience. The material scratches easily makes this a terrible choice for travel.,Negative,-0.2398644099999312,2.1612705273314132,3.6350930021989765,4.027185894453614,4.463234094761399,4.22332712723708
Skybags,Skybags Premium Polycarbonate Medium Luggage,Overall a positive experience. The excellent zippers makes this a great choice for travel.,Positive,0.4609047347327395,6.545560158549684,7.542745558191619,7.476763719465449,7.938541759364231,8.89477886206126
Skybags,Skybags Premium Polycarbonate Medium Luggage,Overall a negative experience. The handle jammed makes this a terrible choice for travel.,Negative,-0.12502793491336073,3.959537667580742,4.282427693371174,2.074572463312506,4.409659245889945,1.421930020862081
Skybags,Skybags Premium Polycarbonate Medium Luggage,Overall a positive experience. The great capacity makes this a great choice for travel.,Positive,0.6797773117754669,8.145666703871024,7.157074815074395,6.906833894294373,8.213085449205245,8.695504798760256
Skybags,Skybags Premium Polycarbonate Medium Luggage,Overall a positive experience. The sturdy material makes this a great choice for travel.,Positive,0.744235771188979,6.324151636454641,9.147288264461398,6.446407802722582,8.479155523518447,9.828809081656747
Skybags,Skybags Premium Polycarbonate Medium Luggage,Overall a positive experience. The smooth wheels makes this a great choice for travel.,Positive,0.37913839422848317,9.333817935877464,6.397507276951806,9.853850253264216,9.369806637313618,8.654518950688551
Skybags,Skybags Premium Polycarbonate Cabin Luggage,Overall a positive experience. The great capacity makes this a great choice for travel.,Positive,0.8770128929347253,8.830682897543806,7.7896769552595675,7.842561228614979,8.099868894044686,6.36750488801798
Skybags,Skybags Premium Polycarbonate Cabin Luggage,Overall a positive experience. The telescopic handle is great makes this a great choice for travel.,Positive,0.4980760860836314,7.785169026677245,9.941035732010992,9.637679425611223,9.46472264145508,7.1347117420562975
Skybags,Skybags Premium Polycarbonate Cabin Luggage,Overall a positive experience. The excellent zippers makes this a great choice for travel.,Positive,0.16562675347921746,6.0121958096644645,7.220157777944976,8.005439594587859,6.924650205150437,9.307832960401946
Skybags,Skybags Premium Polycarbonate Cabin Luggage,Overall a positive experience. The excellent zippers makes this a great choice for travel.,Positive,0.21637846938478067,9.338357616717435,8.859712368463294,8.539007519270832,8.186601457236234,7.981397572348559
Skybags,Skybags Premium Polycarbonate Cabin Luggage,Overall a positive experience. The great capacity makes this a great choice for travel.,Positive,0.7751624713007574,9.963826180658845,9.9446833308373,9.795024122324705,7.01917308587058,6.8506715630268324
Skybags,Skybags Premium Polycarbonate Medium Luggage,Overall a positive experience. The smooth wheels makes this a great choice for travel.,Positive,0.5010293757810307,7.20461354234733,6.082615073236226,8.98901107740212,8.681185280988199,8.54883814942682
Skybags,Skybags Premium Polycarbonate Medium Luggage,Overall a negative experience. The handle jammed makes this a terrible choice for travel.,Negative,-0.4953650892004423,4.55660389411811,1.5471275189208051,4.97563584441473,2.973868426877604,1.8922930801861306
Skybags,Skybags Premium Polycarbonate Medium Luggage,Overall a positive experience. The sturdy material makes this a great choice for travel.,Positive,0.24852370051815084,9.618602234392725,9.52301204662595,9.283790758498581,6.471520858749566,7.281480054807703
Skybags,Skybags Premium Polycarbonate Medium Luggage,Overall a positive experience. The telescopic handle is great makes this a great choice for travel.,Positive,0.3059620186965029,8.968833186175125,9.983531269439883,9.574472095980237,6.120005947073077,8.03259746652551
Skybags,Skybags Premium Polycarbonate Medium Luggage,Overall a positive experience. The telescopic handle is great makes this a great choice for travel.,Positive,0.2305050865598177,9.816805610829451,8.560987201670972,7.754933343063815,6.124241907070704,7.9306413316817554
Skybags,Skybags Premium Polycarbonate Cabin Luggage,Overall a negative experience. The material scratches easily makes this a terrible choice for travel.,Negative,-0.1111366041772529,3.9626867547466933,2.822824831034533,1.1691367557535624,1.671645102746762,4.013551284900508
Skybags,Skybags Premium Polycarbonate Cabin Luggage,Overall a positive experience. The excellent zippers makes this a great choice for travel.,Positive,0.8981160714200839,8.554276427582781,8.441674300455194,8.380349536737913,7.83942013498765,9.760067079715725
Skybags,Skybags Premium Polycarbonate Cabin Luggage,Overall a positive experience. The excellent zippers makes this a great choice for travel.,Positive,0.16073889690847995,6.833651009678885,9.601164870447814,7.763937894348208,9.333788145012546,6.71238913148073
Skybags,Skybags Premium Polycarbonate Cabin Luggage,Overall a negative experience. The handle jammed makes this a terrible choice for travel.,Negative,-0.2955625933069028,2.9138096057734373,1.535522032334875,3.900246252147472,2.659001017942658,1.6146684477966304
Skybags,Skybags Premium Polycarbonate Cabin Luggage,Overall a positive experience. The excellent zippers makes this a great choice for travel.,Positive,0.7851445979427839,7.318227067956779,7.694641187909525,6.517365634143952,7.10355117596734,9.814340831398221
Skybags,Skybags Premium Polycarbonate Large Luggage,Overall a positive experience. The telescopic handle is great makes this a great choice for travel.,Positive,0.679447795550497,8.086227400377544,9.064063373163222,6.031851958158459,9.005205211646297,8.69738240207353
Skybags,Skybags Premium Polycarbonate Large Luggage,Overall a positive experience. The sturdy material makes this a great choice for travel.,Positive,0.3041988583834371,8.9056663308853,8.630750031067565,6.238264108512199,7.9896362093699835,9.012317647092145
Skybags,Skybags Premium Polycarbonate Large Luggage,Overall a positive experience. The telescopic handle is great makes this a great choice for travel.,Positive,0.5043279213505293,6.940189435570539,8.829554083895932,8.060516568352593,8.263820742458304,6.972991092477294
Skybags,Skybags Premium Polycarbonate Large Luggage,Overall a positive experience. The great capacity makes this a great choice for travel.,Positive,0.2842819119960094,9.938504597768155,9.312732301534256,7.701838820698721,9.936691148991226,6.306484335133601
Skybags,Skybags Premium Polycarbonate Large Luggage,Overall a positive experience. The excellent zippers makes this a great choice for travel.,Positive,0.2643456601899983,7.366357511283075,9.369417904804374,9.822100340230646,9.375363275326523,6.787871586463936
Skybags,Skybags Premium Polycarbonate Large Luggage,Overall a negative experience. The material scratches easily makes this a terrible choice for travel.,Negative,-0.8827620905699779,1.5726669660855404,4.379922040774497,2.189964624828768,1.435484165483555,1.2679738629443085
Skybags,Skybags Premium Polycarbonate Large Luggage,Overall a positive experience. The great capacity makes this a great choice for travel.,Positive,0.10457098492914901,6.441484701671182,9.131954995518722,6.013191819719294,8.025754722311493,9.841488480206795
Skybags,Skybags Premium Polycarbonate Large Luggage,Overall a positive experience. The great capacity makes this a great choice for travel.,Positive,0.6119682469618795,9.143853997759395,9.425709682723408,7.250786633092609,9.217562290513353,8.504922248566409
Skybags,Skybags Premium Polycarbonate Large Luggage,Overall a positive experience. The smooth wheels makes this a great choice for travel.,Positive,0.7254591679126383,8.829442850891514,6.828876325823309,7.8977882482041455,9.153421112093799,6.328808967220011
Skybags,Skybags Premium Polycarbonate Large Luggage,Overall a positive experience. The telescopic handle is great makes this a great choice for travel.,Positive,0.8261742408969115,9.497706894321247,7.904246028818038,8.966353766405708,9.155729637412563,8.657452124331005
Skybags,Skybags Premium Polycarbonate Large Luggage,Overall a negative experience. The wheels get stuck makes this a terrible choice for travel.,Negative,-0.4263631807230504,1.7966468230392185,1.1369228092364017,4.659373493190579,1.4210230853615968,2.6614694937798515
Skybags,Skybags Premium Polycarbonate Large Luggage,Overall a positive experience. The smooth wheels makes this a great choice for travel.,Positive,0.4546260184185913,8.916659644341761,7.217521493821698,9.348488975242974,8.09693706760939,8.577348236098722
Skybags,Skybags Premium Polycarbonate Large Luggage,Overall a positive experience. The excellent zippers makes this a great choice for travel.,Positive,0.7497431959388323,7.414583681689714,9.267381985337012,8.517257769288571,6.389678396049976,9.400315245953433
Skybags,Skybags Premium Polycarbonate Large Luggage,Overall a positive experience. The sturdy material makes this a great choice for travel.,Positive,0.26207515238758666,8.48614580249776,9.67349423569918,6.4873671275709555,8.785821492436014,9.96276705871613
Skybags,Skybags Premium Polycarbonate Large Luggage,Overall a negative experience. The handle jammed makes this a terrible choice for travel.,Negative,-0.6348413407275341,4.827290256997634,4.532471367720126,2.7834312773846714,2.525354358440859,3.8248601808027614
Skybags,Skybags Premium Polycarbonate Medium Luggage,Overall a positive experience. The smooth wheels makes this a great choice for travel.,Positive,0.12486304387013183,8.073832463583106,6.136058248876699,6.163443163777938,9.773922465619801,8.181547942281837
Skybags,Skybags Premium Polycarbonate Medium Luggage,Overall a positive experience. The great capacity makes this a great choice for travel.,Positive,0.6711013332813407,9.023367313186723,9.069055392556004,7.116416562610144,6.43416183965299,7.6677581419728345
Skybags,Skybags Premium Polycarbonate Medium Luggage,Overall a positive experience. The sturdy material makes this a great choice for travel.,Positive,0.12849397974212273,6.556894275453617,8.361960276856223,6.512470953596406,6.145028848763847,9.076550586234704
Skybags,Skybags Premium Polycarbonate Medium Luggage,Overall a positive experience. The telescopic handle is great makes this a great choice for travel.,Positive,0.2002937292761823,7.298814799724285,9.3561190172853,8.103232837888712,6.627089689615323,6.386445900886387
Skybags,Skybags Premium Polycarbonate Medium Luggage,Overall a positive experience. The telescopic handle is great makes this a great choice for travel.,Positive,0.6723274782647439,9.809358879109778,7.847666863012157,6.570997801349318,7.314379078628232,7.689499029258261
American Tourister,American Tourister Premium Polycarbonate Large Luggage,Overall a positive experience. The sturdy material makes this a great choice for travel.,Positive,0.4641013057560228,7.094446444142151,7.498413506728293,7.301129886914932,6.986158520581617,8.070328748661488
American Tourister,American Tourister Premium Polycarbonate Large Luggage,Overall a positive experience. The smooth wheels makes this a great choice for travel.,Positive,0.3681657678475032,9.124879974211202,7.44619684249068,6.662492807770257,8.217985211524217,7.613308021478762
American Tourister,American Tourister Premium Polycarbonate Large Luggage,Overall a negative experience. The smaller than expected makes this a terrible choice for travel.,Negative,-0.32133231652404703,1.068473027328824,2.172864659965891,1.0351671624498575,2.3697979206961843,2.175060036919569
American Tourister,American Tourister Premium Polycarbonate Large Luggage,Overall a positive experience. The smooth wheels makes this a great choice for travel.,Positive,0.6426919099069719,8.157412103536815,6.328011701112098,7.929340770627631,8.962352816207982,7.537372436462716
American Tourister,American Tourister Premium Polycarbonate Large Luggage,Overall a positive experience. The great capacity makes this a great choice for travel.,Positive,0.708899223354315,6.2951767381824695,7.1031902467478245,6.594083534291569,8.779531660482833,6.521931371115938
American Tourister,American Tourister Premium Polycarbonate Medium Luggage,Overall a negative experience. The wheels get stuck makes this a terrible choice for travel.,Negative,-0.4608314610949532,4.711605166823096,2.3176623406364523,1.320657177298195,4.223612309205423,1.051207230053755
American Tourister,American Tourister Premium Polycarbonate Medium Luggage,Overall a positive experience. The smooth wheels makes this a great choice for travel.,Positive,0.2307567565415014,7.722668469646134,8.997024344740694,9.333462632564734,7.117152617928902,6.170925085169934
American Tourister,American Tourister Premium Polycarbonate Medium Luggage,Overall a positive experience. The great capacity makes this a great choice for travel.,Positive,0.1295163331358901,7.492978355218259,9.760388522861856,9.602326213846093,7.530637473348417,6.951204626916224
American Tourister,American Tourister Premium Polycarbonate Medium Luggage,Overall a positive experience. The great capacity makes this a great choice for travel.,Positive,0.3013233496458948,7.284622173198608,7.124851110708506,7.7273036852873,8.0352565821032,9.670090297483927
American Tourister,American Tourister Premium Polycarbonate Medium Luggage,Overall a positive experience. The smooth wheels makes this a great choice for travel.,Positive,0.4123566040340332,9.58850785063418,9.725478416419978,8.1831893481007,8.023711766643576,8.284795173421989
American Tourister,American Tourister Premium Polycarbonate Medium Luggage,Overall a positive experience. The telescopic handle is great makes this a great choice for travel.,Positive,0.34658562493542333,6.7636178117027,7.83822355495665,7.1452252060252555,8.758596161166174,7.760920139175063
American Tourister,American Tourister Premium Polycarbonate Medium Luggage,Overall a negative experience. The wheels get stuck makes this a terrible choice for travel.,Negative,-0.5998602760624918,1.2027980675730383,4.611450559807704,4.167036102651943,1.3626423904084852,1.3115049674608321
American Tourister,American Tourister Premium Polycarbonate Medium Luggage,Overall a negative experience. The material scratches easily makes this a terrible choice for travel.,Negative,-0.34688906922649687,3.627453549035447,4.306266221043144,2.806669555120458,1.687484672776435,3.371602797638511
American Tourister,American Tourister Premium Polycarbonate Medium Luggage,Overall a positive experience. The sturdy material makes this a great choice for travel.,Positive,0.10840298779280211,8.813871111066383,9.61186128542554,7.216684181709702,7.353019456220794,6.111738054278192
American Tourister,American Tourister Premium Polycarbonate Medium Luggage,Overall a negative experience. The wheels get stuck makes this a terrible choice for travel.,Negative,-0.7533802993606783,3.7654641389634738,1.1086525169845198,1.5201320443717932,3.785227873041074,2.3555890506570734
American Tourister,American Tourister Premium Polycarbonate Large Luggage,Overall a positive experience. The telescopic handle is great makes this a great choice for travel.,Positive,0.8574256827367582,7.234961914538484,8.567636690688682,7.842098068393012,9.692155021506345,7.999436096417906
American Tourister,American Tourister Premium Polycarbonate Large Luggage,Overall a positive experience. The excellent zippers makes this a great choice for travel.,Positive,0.8205715348606791,9.763795692632728,8.067922697160792,7.045164997256094,8.15072221483033,8.020180398633283
American Tourister,American Tourister Premium Polycarbonate Large Luggage,Overall a positive experience. The telescopic handle is great makes this a great choice for travel.,Positive,0.6653215407839302,8.041832994305471,9.838692798566285,9.424828732891985,8.701884580169807,6.5143959197568
American Tourister,American Tourister Premium Polycarbonate Large Luggage,Overall a positive experience. The sturdy material makes this a great choice for travel.,Positive,0.5115469737513798,8.270987371121686,6.991018893549951,7.413808159116385,8.894602611166952,7.5409992049556385
American Tourister,American Tourister Premium Polycarbonate Large Luggage,Overall a positive experience. The great capacity makes this a great choice for travel.,Positive,0.13469263228582298,8.028792696679611,9.753541134449101,8.512398002671672,9.576296612873001,9.666398075725953
American Tourister,American Tourister Premium Polycarbonate Cabin Luggage,Overall a negative experience. The wheels get stuck makes this a terrible choice for travel.,Negative,-0.23724804445205516,3.402229386863079,2.977664648547982,3.1144469087210997,4.1775128261419985,4.399668406139897
American Tourister,American Tourister Premium Polycarbonate Cabin Luggage,Overall a positive experience. The sturdy material makes this a great choice for travel.,Positive,0.11052972837943048,7.923170995849672,9.712445079593774,9.789236263929883,8.460229014927641,7.728823327593009
American Tourister,American Tourister Premium Polycarbonate Cabin Luggage,Overall a positive experience. The sturdy material makes this a great choice for travel.,Positive,0.27041321826285847,8.780828180489648,9.873770265167542,6.305465448201689,7.9560678401851,9.339259091674496
American Tourister,American Tourister Premium Polycarbonate Cabin Luggage,Overall a negative experience. The wheels get stuck makes this a terrible choice for travel.,Negative,-0.7029761223038017,1.7866026904888255,1.2024154324845848,2.4589173059031944,3.6600292236623075,4.558771981761714
American Tourister,American Tourister Premium Polycarbonate Cabin Luggage,Overall a positive experience. The smooth wheels makes this a great choice for travel.,Positive,0.3670800931066348,6.801405968412354,7.547017650506482,9.376971482585322,8.714353335225802,7.694028347559659
American Tourister,American Tourister Premium Polycarbonate Medium Luggage,Overall a positive experience. The telescopic handle is great makes this a great choice for travel.,Positive,0.5487003263133338,9.40635311691931,9.948772800436481,9.038574351990604,6.320031877275703,8.952817295958203
American Tourister,American Tourister Premium Polycarbonate Medium Luggage,Overall a negative experience. The zipper broke makes this a terrible choice for travel.,Negative,-0.14284663159949218,3.1912073149349682,2.0482614677302204,2.6839136326868616,3.200896004759131,1.0271724902102308
American Tourister,American Tourister Premium Polycarbonate Medium Luggage,Overall a positive experience. The excellent zippers makes this a great choice for travel.,Positive,0.3086417591609856,6.826278984996083,9.513599535623289,8.876475901606623,9.954557820078833,7.199362913187024
American Tourister,American Tourister Premium Polycarbonate Medium Luggage,Overall a positive experience. The smooth wheels makes this a great choice for travel.,Positive,0.6961602567843069,9.253101044582236,8.967018006742773,9.262606882507544,8.285008436760172,8.977300951814033
American Tourister,American Tourister Premium Polycarbonate Medium Luggage,Overall a positive experience. The sturdy material makes this a great choice for travel.,Positive,0.7092566705667406,8.705853973418531,9.357101560652442,9.41932404114637,9.117501731493554,6.138700591602222
American Tourister,American Tourister Premium Polycarbonate Large Luggage,Overall a positive experience. The telescopic handle is great makes this a great choice for travel.,Positive,0.13962080989705666,6.1324181128191855,6.274318804219051,9.204008100355358,7.286905066837739,7.219589431339555
American Tourister,American Tourister Premium Polycarbonate Large Luggage,Overall a positive experience. The great capacity makes this a great choice for travel.,Positive,0.45696711907852483,6.939022050124841,6.010828599754806,9.035538445532602,9.98894959933179,9.450948168386315
American Tourister,American Tourister Premium Polycarbonate Large Luggage,Overall a positive experience. The excellent zippers makes this a great choice for travel.,Positive,0.21523653231235748,9.083609487153902,8.908393932387568,6.813993378548799,7.548885777830655,7.5149135053060805
American Tourister,American Tourister Premium Polycarbonate Large Luggage,Overall a positive experience. The excellent zippers makes this a great choice for travel.,Positive,0.3452353760742375,6.727368672517299,6.5341827223973254,9.95823898115332,8.521130103394189,7.496974096484358
American Tourister,American Tourister Premium Polycarbonate Large Luggage,Overall a positive experience. The sturdy material makes this a great choice for travel.,Positive,0.7847538349783149,7.063110592724101,9.188651281054113,7.498968258093765,7.629940082207783,6.042267340683704
American Tourister,American Tourister Premium Polycarbonate Large Luggage,Overall a positive experience. The excellent zippers makes this a great choice for travel.,Positive,0.8272108821933849,9.664880684328239,6.589737073837826,7.251080548586426,7.967723818479662,9.817866582907769
American Tourister,American Tourister Premium Polycarbonate Large Luggage,Overall a positive experience. The smooth wheels makes this a great choice for travel.,Positive,0.5257853651873491,8.214137022180626,7.872902362118669,9.752846384392189,9.500522148249672,8.741995631924066
American Tourister,American Tourister Premium Polycarbonate Large Luggage,Overall a positive experience. The telescopic handle is great makes this a great choice for travel.,Positive,0.2173644592906001,9.614615066548598,7.670799087958847,7.841134203789624,9.637541092570462,9.514264520977424
American Tourister,American Tourister Premium Polycarbonate Large Luggage,Overall a positive experience. The excellent zippers makes this a great choice for travel.,Positive,0.34015284540738044,9.09855868069446,6.066288160837165,6.790016287467262,8.752425126130156,7.328073655263035
American Tourister,American Tourister Premium Polycarbonate Large Luggage,Overall a negative experience. The material scratches easily makes this a terrible choice for travel.,Negative,-0.6026335160641138,2.5409450551980646,1.238824896018878,1.5323111327366692,2.0275245369187247,1.9898051312555998
American Tourister,American Tourister Premium Polycarbonate Large Luggage,Overall a positive experience. The smooth wheels makes this a great choice for travel.,Positive,0.8680033257383853,8.655777078267356,8.469875541647665,9.360700777639051,6.199513542239583,6.997689047006023
American Tourister,American Tourister Premium Polycarbonate Large Luggage,Overall a positive experience. The smooth wheels makes this a great choice for travel.,Positive,0.7254027503814351,6.213042972596101,7.913076646045817,7.022669446581799,6.257283955928081,8.963369167135614
American Tourister,American Tourister Premium Polycarbonate Large Luggage,Overall a positive experience. The great capacity makes this a great choice for travel.,Positive,0.8770105483775689,7.669766508746509,9.213277686523657,8.027321378062638,6.694394223799914,7.515886386895571
American Tourister,American Tourister Premium Polycarbonate Large Luggage,Overall a positive experience. The excellent zippers makes this a great choice for travel.,Positive,0.2639146085212536,9.688542013839337,7.9991143883342115,7.609225032775573,9.94308766489661,7.27351909924111
American Tourister,American Tourister Premium Polycarbonate Large Luggage,Overall a positive experience. The great capacity makes this a great choice for travel.,Positive,0.6746730029091473,7.482441600457703,8.184988870570505,6.9201823857853455,9.608739183060115,8.04553259579243
American Tourister,American Tourister Premium Polycarbonate Cabin Luggage,Overall a positive experience. The great capacity makes this a great choice for travel.,Positive,0.42877490847521793,9.678162195959482,7.5981252036628835,9.23067846923503,6.578403983979644,7.672555509314813
American Tourister,American Tourister Premium Polycarbonate Cabin Luggage,Overall a positive experience. The smooth wheels makes this a great choice for travel.,Positive,0.4755603015563665,9.283292276416741,9.581781538193333,6.28551614530411,6.099651650632305,8.504481904058146
American Tourister,American Tourister Premium Polycarbonate Cabin Luggage,Overall a positive experience. The sturdy material makes this a great choice for travel.,Positive,0.6200774736181277,8.501718472312,8.72960470601679,7.196238908445741,7.425435797310776,8.247768695525124
American Tourister,American Tourister Premium Polycarbonate Cabin Luggage,Overall a positive experience. The sturdy material makes this a great choice for travel.,Positive,0.2879831393352792,9.631227294542317,6.877006648014564,6.052196554458484,7.8851739489890935,7.057133431188719
American Tourister,American Tourister Premium Polycarbonate Cabin Luggage,Overall a positive experience. The telescopic handle is great makes this a great choice for travel.,Positive,0.3669481221538703,6.863290034220334,9.563827452836971,7.336242159503913,6.500278141630941,9.12544933446948
American Tourister,American Tourister Premium Polycarbonate Medium Luggage,Overall a positive experience. The telescopic handle is great makes this a great choice for travel.,Positive,0.5810594202492946,6.128876987707143,8.190660810299141,7.280729367847494,8.486364633963655,7.637524592730398
American Tourister,American Tourister Premium Polycarbonate Medium Luggage,Overall a negative experience. The material scratches easily makes this a terrible choice for travel.,Negative,-0.5800092140661655,4.807518198263212,4.1662854083601255,2.6675242319829953,4.430503754279873,4.502918872357504
American Tourister,American Tourister Premium Polycarbonate Medium Luggage,Overall a negative experience. The smaller than expected makes this a terrible choice for travel.,Negative,-0.8526828746387384,3.1494925018678925,3.7070849379113264,4.196940917146358,3.583127760244088,2.8270898081706948
American Tourister,American Tourister Premium Polycarbonate Medium Luggage,Overall a positive experience. The sturdy material makes this a great choice for travel.,Positive,0.3981864312850265,6.122101506718841,7.277676423255973,9.310163976180464,6.007844341256406,8.530844203324977
American Tourister,American Tourister Premium Polycarbonate Medium Luggage,Overall a negative experience. The handle jammed makes this a terrible choice for travel.,Negative,-0.6243390637924533,2.2253543652817864,4.9463373203382215,1.8855216718523993,3.3189813923354645,2.9203771808531007
American Tourister,American Tourister Premium Polycarbonate Medium Luggage,Overall a positive experience. The smooth wheels makes this a great choice for travel.,Positive,0.38458282241891295,8.096099948910739,7.111135801750002,7.705823289572468,6.351333438989907,6.743208739891225
American Tourister,American Tourister Premium Polycarbonate Medium Luggage,Overall a positive experience. The sturdy material makes this a great choice for travel.,Positive,0.13950709988457063,6.534255567999071,8.659794247242763,9.693468853101162,8.592469214023083,9.970735453235692
American Tourister,American Tourister Premium Polycarbonate Medium Luggage,Overall a negative experience. The smaller than expected makes this a terrible choice for travel.,Negative,-0.4023220838613528,4.328741854242715,4.121538969493057,1.982979745346296,4.755306467244579,1.973209815100477
American Tourister,American Tourister Premium Polycarbonate Medium Luggage,Overall a positive experience. The smooth wheels makes this a great choice for travel.,Positive,0.2077784507798664,9.672190942001842,9.122350297098292,8.573039384069597,9.0407269837856,6.169020101191654
American Tourister,American Tourister Premium Polycarbonate Medium Luggage,Overall a positive experience. The great capacity makes this a great choice for travel.,Positive,0.6601537744626784,7.984217504703937,8.467051787208433,6.128606786183244,9.380893015667404,7.736882385440093
Vip,Vip Premium Polycarbonate Cabin Luggage,Overall a positive experience. The smooth wheels makes this a great choice for travel.,Positive,0.7473203953790168,6.117779911633591,7.267542762776552,8.111849121711622,9.559842743348717,9.502333098416571
Vip,Vip Premium Polycarbonate Cabin Luggage,Overall a positive experience. The great capacity makes this a great choice for travel.,Positive,0.8577792761357209,6.576711250874924,7.830711103949125,7.94062512722231,8.01266924409378,9.645092860688585
Vip,Vip Premium Polycarbonate Cabin Luggage,Overall a positive experience. The telescopic handle is great makes this a great choice for travel.,Positive,0.21636015427478786,9.865692892838325,9.473378080141439,7.101854939597139,8.263425478760691,9.999041012533134
Vip,Vip Premium Polycarbonate Cabin Luggage,Overall a positive experience. The telescopic handle is great makes this a great choice for travel.,Positive,0.6823647221581212,6.578968836693855,8.553372143039102,6.102429371812665,6.453058525843903,7.115507645191837
Vip,Vip Premium Polycarbonate Cabin Luggage,Overall a positive experience. The excellent zippers makes this a great choice for travel.,Positive,0.6395348081698454,9.501697177119537,9.721669343729895,6.847327345584631,8.077070822902982,8.928916629596756
Vip,Vip Premium Polycarbonate Cabin Luggage,Overall a positive experience. The great capacity makes this a great choice for travel.,Positive,0.1989957601200617,7.900563312995258,8.179814944609504,6.2383207685045505,6.37912938764402,9.920994242143616
Vip,Vip Premium Polycarbonate Cabin Luggage,Overall a positive experience. The sturdy material makes this a great choice for travel.,Positive,0.8731262690131191,9.293796942590234,7.0540493246056535,7.345918746686892,7.205432603398966,8.844576636728203
Vip,Vip Premium Polycarbonate Cabin Luggage,Overall a positive experience. The sturdy material makes this a great choice for travel.,Positive,0.621750345514188,8.705393451635976,7.144140850597164,7.459920019855524,7.209587397982446,7.54571532342891
Vip,Vip Premium Polycarbonate Cabin Luggage,Overall a positive experience. The great capacity makes this a great choice for travel.,Positive,0.5139211018417025,6.68785666130775,6.201952349147405,6.003104340817519,8.8551110971873,9.552552766917469
Vip,Vip Premium Polycarbonate Cabin Luggage,Overall a positive experience. The sturdy material makes this a great choice for travel.,Positive,0.8838625891386863,8.988502950445568,8.953678587368913,9.649217346062532,7.761731071204979,9.048400432830404
Vip,Vip Premium Polycarbonate Cabin Luggage,Overall a positive experience. The smooth wheels makes this a great choice for travel.,Positive,0.8300280585490557,9.444096403743883,6.806443802951112,8.632136205953739,8.213622401132707,7.892951587241237
Vip,Vip Premium Polycarbonate Cabin Luggage,Overall a positive experience. The smooth wheels makes this a great choice for travel.,Positive,0.11877496310849578,9.094939383345586,9.471114115894814,6.07837238170162,7.384627305494693,8.37781589753167
Vip,Vip Premium Polycarbonate Cabin Luggage,Overall a positive experience. The smooth wheels makes this a great choice for travel.,Positive,0.2319130766690295,9.714801200504438,7.604930535933464,8.178851488350896,7.909018946973079,6.686773447157298
Vip,Vip Premium Polycarbonate Cabin Luggage,Overall a negative experience. The smaller than expected makes this a terrible choice for travel.,Negative,-0.7336741427807862,4.27616832844332,3.039824359012158,3.280846252362326,1.5796238181040807,4.1667674756707305
Vip,Vip Premium Polycarbonate Cabin Luggage,Overall a negative experience. The handle jammed makes this a terrible choice for travel.,Negative,-0.6395464175944331,1.5805473192938053,3.2260818302414047,2.5770484522351067,2.734113662975642,3.704387562301393
Vip,Vip Premium Polycarbonate Cabin Luggage,Overall a negative experience. The zipper broke makes this a terrible choice for travel.,Negative,-0.1069876903279241,4.312018061972737,2.792994412529936,3.8007226056691987,1.5104148733166212,2.5557501493351826
Vip,Vip Premium Polycarbonate Cabin Luggage,Overall a positive experience. The great capacity makes this a great choice for travel.,Positive,0.4995246057415783,9.621103074107339,7.682160649882916,7.500953074896319,6.988708274962605,8.099721322261633
Vip,Vip Premium Polycarbonate Cabin Luggage,Overall a negative experience. The zipper broke makes this a terrible choice for travel.,Negative,-0.44244184321348856,4.851214201045092,1.544427970523023,1.0603145204176854,2.2469556373035595,1.8136314873366763
Vip,Vip Premium Polycarbonate Cabin Luggage,Overall a negative experience. The handle jammed makes this a terrible choice for travel.,Negative,-0.4551253919736794,1.0603986238666727,3.618038802840917,1.2010906720885939,3.580872058057606,3.8020329989278294
Vip,Vip Premium Polycarbonate Cabin Luggage,Overall a positive experience. The smooth wheels makes this a great choice for travel.,Positive,0.6853954057012654,7.946471460814637,7.039223847948978,6.654382830595239,7.626315248134162,9.847973147228727
Vip,Vip Premium Polycarbonate Cabin Luggage,Overall a positive experience. The smooth wheels makes this a great choice for travel.,Positive,0.179199297156117,7.808433290615474,8.049136896489697,6.493616412171676,7.196599913555428,7.116390094202889
Vip,Vip Premium Polycarbonate Cabin Luggage,Overall a negative experience. The smaller than expected makes this a terrible choice for travel.,Negative,-0.45664075491881573,3.121351779453012,3.1823560315558455,1.4848895617536342,2.186447534132825,4.047585952263122
Vip,Vip Premium Polycarbonate Cabin Luggage,Overall a positive experience. The telescopic handle is great makes this a great choice for travel.,Positive,0.6787856316767613,6.448980242587053,6.611592479890222,6.8494221926679995,6.726275402406702,9.639088792220255
Vip,Vip Premium Polycarbonate Cabin Luggage,Overall a positive experience. The smooth wheels makes this a great choice for travel.,Positive,0.3773196390621848,7.645806580738367,6.08860371104859,7.392577517551677,7.858374701337692,8.294640876996905
Vip,Vip Premium Polycarbonate Cabin Luggage,Overall a positive experience. The great capacity makes this a great choice for travel.,Positive,0.2494732394486895,6.720056004608378,6.218710759113078,6.193909126418027,6.604909067589751,9.473310709162545
Vip,Vip Premium Polycarbonate Medium Luggage,Overall a positive experience. The smooth wheels makes this a great choice for travel.,Positive,0.7933627891644481,7.568084571217026,6.037017974782433,7.1377726301269355,8.98490883541705,9.633855034348267
Vip,Vip Premium Polycarbonate Medium Luggage,Overall a positive experience. The great capacity makes this a great choice for travel.,Positive,0.4718103512119679,7.834179190509699,8.294949698271736,9.691842594015638,9.742949268421926,7.194896846356949
Vip,Vip Premium Polycarbonate Medium Luggage,Overall a positive experience. The great capacity makes this a great choice for travel.,Positive,0.2799109100580667,6.900504620397701,9.505454688422244,6.092264849504505,8.05487571027755,8.978076772518476
Vip,Vip Premium Polycarbonate Medium Luggage,Overall a positive experience. The telescopic handle is great makes this a great choice for travel.,Positive,0.7702236690953241,9.659456588216143,6.461287165446594,8.86000736242928,9.93093756681595,6.006650327378526
Vip,Vip Premium Polycarbonate Medium Luggage,Overall a positive experience. The telescopic handle is great makes this a great choice for travel.,Positive,0.2446445156781575,6.901873845091222,8.634117953947747,8.575190884840277,8.277180335400661,9.411945159599322
Vip,Vip Premium Polycarbonate Medium Luggage,Overall a negative experience. The handle jammed makes this a terrible choice for travel.,Negative,-0.859181975083342,4.244089387774921,4.538470072218228,4.632149413517739,4.21841108508446,3.1848758276303464
Vip,Vip Premium Polycarbonate Medium Luggage,Overall a positive experience. The smooth wheels makes this a great choice for travel.,Positive,0.8948805767857135,9.850605798440203,6.950711466533802,7.125346935002561,9.623608575021493,6.463666781070289
Vip,Vip Premium Polycarbonate Medium Luggage,Overall a positive experience. The great capacity makes this a great choice for travel.,Positive,0.7795641351430086,7.482466844903987,9.305709940749887,9.954468652451512,7.937795985822335,6.3881917446248675
Vip,Vip Premium Polycarbonate Medium Luggage,Overall a negative experience. The material scratches easily makes this a terrible choice for travel.,Negative,-0.4117170479656709,1.0952683169976773,3.4467650740393685,2.603354688983123,4.224478449516756,1.025052440028586
Vip,Vip Premium Polycarbonate Medium Luggage,Overall a positive experience. The excellent zippers makes this a great choice for travel.,Positive,0.2543848572789698,6.453763578042575,8.81376264046379,7.154195040421181,9.511354695540714,8.385993847244004
Vip,Vip Premium Polycarbonate Cabin Luggage,Overall a positive experience. The great capacity makes this a great choice for travel.,Positive,0.6510472258592704,7.149236083209367,8.626678505405247,9.658452779193771,8.999096180564335,9.610073654477315
Vip,Vip Premium Polycarbonate Cabin Luggage,Overall a positive experience. The great capacity makes this a great choice for travel.,Positive,0.20086671454552932,7.8802014692345415,7.5657226060246465,7.072789854315829,9.434873793102094,6.726041492650976
Vip,Vip Premium Polycarbonate Cabin Luggage,Overall a positive experience. The sturdy material makes this a great choice for travel.,Positive,0.30644706029442564,6.033391377866132,6.40556476219629,6.298577334590866,8.164882196107385,8.77978626388728
Vip,Vip Premium Polycarbonate Cabin Luggage,Overall a positive experience. The smooth wheels makes this a great choice for travel.,Positive,0.7336614831166486,9.0986566130779,8.477574116545101,7.83171915335913,9.208251243525055,7.520664938495258
Vip,Vip Premium Polycarbonate Cabin Luggage,Overall a positive experience. The excellent zippers makes this a great choice for travel.,Positive,0.2706714616523563,8.1569386482928,9.702153888541494,6.035570437871412,8.445462884984288,8.049501443921335
Vip,Vip Premium Polycarbonate Cabin Luggage,Overall a positive experience. The smooth wheels makes this a great choice for travel.,Positive,0.5618128110790676,7.205130901431087,8.592889420044209,7.778966539505858,8.557730758792989,6.010821903299047
Vip,Vip Premium Polycarbonate Cabin Luggage,Overall a positive experience. The great capacity makes this a great choice for travel.,Positive,0.5360201705037979,7.252802356515409,9.203449375890596,8.706337767440566,6.689567480900118,9.915163494771894
Vip,Vip Premium Polycarbonate Cabin Luggage,Overall a positive experience. The excellent zippers makes this a great choice for travel.,Positive,0.8949544217178982,7.667807796237023,6.3369315785721785,9.489359387073698,6.955620833600282,7.428130546259812
Vip,Vip Premium Polycarbonate Cabin Luggage,Overall a positive experience. The great capacity makes this a great choice for travel.,Positive,0.31074239699550144,6.365976817921489,7.7487694810350956,7.092730301508304,6.89618525196488,9.142590087610543
Vip,Vip Premium Polycarbonate Cabin Luggage,Overall a negative experience. The wheels get stuck makes this a terrible choice for travel.,Negative,-0.5936913547137923,4.719105883798477,4.118805951090454,1.5047435543923378,3.257521242407265,2.910219881663434
Vip,Vip Premium Polycarbonate Cabin Luggage,Overall a positive experience. The telescopic handle is great makes this a great choice for travel.,Positive,0.6764761463852037,7.851209986539303,7.276075463475788,6.682556634159091,7.14610331778786,9.874555423691085
Vip,Vip Premium Polycarbonate Cabin Luggage,Overall a positive experience. The great capacity makes this a great choice for travel.,Positive,0.7025375491177627,9.475830311267625,8.784604931246417,7.595184782051167,6.804331984469621,8.192167830359399
Vip,Vip Premium Polycarbonate Cabin Luggage,Overall a positive experience. The great capacity makes this a great choice for travel.,Positive,0.4608415969513937,6.715386117750448,9.291727524532442,9.705458215735664,7.03388939116475,7.637346156274224
Vip,Vip Premium Polycarbonate Cabin Luggage,Overall a positive experience. The excellent zippers makes this a great choice for travel.,Positive,0.1298576440050958,8.274323144417284,6.861611396721363,9.707355236939279,9.392030117040882,8.328678470228155
Vip,Vip Premium Polycarbonate Cabin Luggage,Overall a positive experience. The great capacity makes this a great choice for travel.,Positive,0.7039011904282751,7.732550563647749,8.093531221396299,9.996126786300039,6.463737158639352,8.381460384388754
Vip,Vip Premium Polycarbonate Medium Luggage,Overall a positive experience. The smooth wheels makes this a great choice for travel.,Positive,0.7397170747227286,8.063940098519105,9.747776996961935,9.224019540096615,6.125483255306238,7.651595702583761
Vip,Vip Premium Polycarbonate Medium Luggage,Overall a positive experience. The telescopic handle is great makes this a great choice for travel.,Positive,0.6546531605198044,9.639883405246511,6.039390517495058,8.097549186831696,7.019140073440302,7.590566300591336
Vip,Vip Premium Polycarbonate Medium Luggage,Overall a positive experience. The excellent zippers makes this a great choice for travel.,Positive,0.7543341894254886,7.430302097890186,6.6662967800720985,9.393305964526188,7.718823242111702,7.737785420985213
Vip,Vip Premium Polycarbonate Medium Luggage,Overall a positive experience. The sturdy material makes this a great choice for travel.,Positive,0.3601359569948158,9.198208075728044,6.943737527030139,9.377135237589702,7.770200702219951,6.90024982587003
Vip,Vip Premium Polycarbonate Medium Luggage,Overall a negative experience. The material scratches easily makes this a terrible choice for travel.,Negative,-0.5324469650021547,4.008889423791463,1.8250880092765738,4.413745413064305,3.025410736873867,1.5160598013289737
Vip,Vip Premium Polycarbonate Medium Luggage,Overall a positive experience. The smooth wheels makes this a great choice for travel.,Positive,0.8040505030646217,8.124664671126501,8.436048289678828,6.620881710572631,7.718849118712061,6.19195535893499
Vip,Vip Premium Polycarbonate Medium Luggage,Overall a positive experience. The excellent zippers makes this a great choice for travel.,Positive,0.8813992845823739,7.623807324557799,7.712489378996619,9.373894606809323,6.224040688924781,8.363016916392073
Vip,Vip Premium Polycarbonate Medium Luggage,Overall a negative experience. The wheels get stuck makes this a terrible choice for travel.,Negative,-0.6208472523559481,4.1144785284293075,1.4734583806874042,4.258447484213836,2.89057684398941,1.9895620913892422
Vip,Vip Premium Polycarbonate Medium Luggage,Overall a positive experience. The excellent zippers makes this a great choice for travel.,Positive,0.7310354552034007,9.669376308877254,6.606385245316102,6.670744101188736,8.750487945693287,6.697651148177164
Vip,Vip Premium Polycarbonate Medium Luggage,Overall a positive experience. The telescopic handle is great makes this a great choice for travel.,Positive,0.19253821903647675,6.148265675168469,7.655890591965553,9.424953156988924,8.174924765142066,7.6650822369262395
Nasher Miles,Nasher Miles Premium Polycarbonate Medium Luggage,Overall a positive experience. The sturdy material makes this a great choice for travel.,Positive,0.6155979955806158,7.48788022682608,9.229687709922475,7.856750667053266,6.1428268699264255,9.766988944138166
Nasher Miles,Nasher Miles Premium Polycarbonate Medium Luggage,Overall a positive experience. The telescopic handle is great makes this a great choice for travel.,Positive,0.3317345617322281,8.210168858129217,6.958183422190881,8.999490058568913,6.147036848376631,7.842139989112393
Nasher Miles,Nasher Miles Premium Polycarbonate Medium Luggage,Overall a negative experience. The handle jammed makes this a terrible choice for travel.,Negative,-0.7424904122603483,4.129171785193446,2.6953558325126217,2.7061065583103483,3.7396875479685203,4.476566184558775
Nasher Miles,Nasher Miles Premium Polycarbonate Medium Luggage,Overall a positive experience. The great capacity makes this a great choice for travel.,Positive,0.7011593306018414,6.6383904860455605,9.396774677198312,9.287097249831067,6.660055166225154,6.929181170786556
Nasher Miles,Nasher Miles Premium Polycarbonate Medium Luggage,Overall a positive experience. The telescopic handle is great makes this a great choice for travel.,Positive,0.34245481450964715,7.01871369505233,6.756778279539709,6.717634841241734,8.780825155655432,6.676732558672642
Nasher Miles,Nasher Miles Premium Polycarbonate Medium Luggage,Overall a negative experience. The smaller than expected makes this a terrible choice for travel.,Negative,-0.8573522567159219,4.324724573726428,4.103216548769622,4.86654209362151,3.614024129162793,2.7127435929362633
Nasher Miles,Nasher Miles Premium Polycarbonate Medium Luggage,Overall a negative experience. The wheels get stuck makes this a terrible choice for travel.,Negative,-0.477030686705573,2.4150761578741125,2.8877955147408834,4.012212419551288,2.657841523228374,3.068281195852417
Nasher Miles,Nasher Miles Premium Polycarbonate Medium Luggage,Overall a positive experience. The excellent zippers makes this a great choice for travel.,Positive,0.6988085944185933,8.16274438564291,8.710721509422157,9.21365019574455,6.746417664861271,6.211520672129197
Nasher Miles,Nasher Miles Premium Polycarbonate Medium Luggage,Overall a negative experience. The wheels get stuck makes this a terrible choice for travel.,Negative,-0.3996533801261445,1.8080314860768851,3.8638388280304437,2.551847147379591,2.991418859482103,2.1868596040770742
Nasher Miles,Nasher Miles Premium Polycarbonate Medium Luggage,Overall a positive experience. The great capacity makes this a great choice for travel.,Positive,0.7520923797324288,6.348941796231842,7.088774127517894,8.131113125111256,8.810668912287271,8.919544329442227
Nasher Miles,Nasher Miles Premium Polycarbonate Large Luggage,Overall a positive experience. The excellent zippers makes this a great choice for travel.,Positive,0.4052153729999083,7.886800336171115,8.98537670781086,7.780578239187657,6.69615012510943,7.009096487259166
Nasher Miles,Nasher Miles Premium Polycarbonate Large Luggage,Overall a positive experience. The excellent zippers makes this a great choice for travel.,Positive,0.7154992125376991,8.788958686672725,8.959083768051503,7.040887397863586,7.0391124228477935,6.344847757391973
Nasher Miles,Nasher Miles Premium Polycarbonate Large Luggage,Overall a positive experience. The sturdy material makes this a great choice for travel.,Positive,0.899508527333572,7.901872803856471,9.681053344495906,6.562094512412509,6.408763427431256,8.165193413429389
Nasher Miles,Nasher Miles Premium Polycarbonate Large Luggage,Overall a negative experience. The smaller than expected makes this a terrible choice for travel.,Negative,-0.24884810632887622,1.102749437812883,1.860887426547535,4.360826102480786,1.141506501180317,2.498854695471719
Nasher Miles,Nasher Miles Premium Polycarbonate Large Luggage,Overall a positive experience. The smooth wheels makes this a great choice for travel.,Positive,0.8053430837735439,8.814725744599498,6.164613098683329,9.401757715265388,9.571835268040864,9.093699285332699
Nasher Miles,Nasher Miles Premium Polycarbonate Cabin Luggage,Overall a positive experience. The great capacity makes this a great choice for travel.,Positive,0.5630618514800422,6.799034464083228,9.962887463560795,8.438542971979302,8.012169496891385,6.308124621307213
Nasher Miles,Nasher Miles Premium Polycarbonate Cabin Luggage,Overall a positive experience. The telescopic handle is great makes this a great choice for travel.,Positive,0.23728457263050845,6.102922694596864,7.764814530646488,6.569102625842534,7.777495191449095,9.20486777148127
Nasher Miles,Nasher Miles Premium Polycarbonate Cabin Luggage,Overall a positive experience. The sturdy material makes this a great choice for travel.,Positive,0.13275508931182867,8.883230724733592,6.737249195202059,6.427912570670307,7.442392310515136,9.406851924351995
Nasher Miles,Nasher Miles Premium Polycarbonate Cabin Luggage,Overall a positive experience. The telescopic handle is great makes this a great choice for travel.,Positive,0.26064766071744155,8.27834874492472,9.420480644216749,9.197200816596435,8.281548500909462,8.633744234504
Nasher Miles,Nasher Miles Premium Polycarbonate Cabin Luggage,Overall a positive experience. The sturdy material makes this a great choice for travel.,Positive,0.8736367181183806,9.98188049756219,6.747489605233765,9.11570265358242,7.696952955258812,6.971509743725514
Nasher Miles,Nasher Miles Premium Polycarbonate Large Luggage,Overall a positive experience. The excellent zippers makes this a great choice for travel.,Positive,0.8641373928228689,7.056334877801189,7.325671336867837,6.006558331780301,8.66298437640711,7.983086675372066
Nasher Miles,Nasher Miles Premium Polycarbonate Large Luggage,Overall a positive experience. The telescopic handle is great makes this a great choice for travel.,Positive,0.10367425227595498,9.162187231744113,8.816422560234063,9.346864001286258,9.001797607258009,9.148981095679654
Nasher Miles,Nasher Miles Premium Polycarbonate Large Luggage,Overall a positive experience. The telescopic handle is great makes this a great choice for travel.,Positive,0.8489873339149123,8.194899288501958,6.209564956244674,7.1022531747522795,9.968861198619217,6.389532520704586
Nasher Miles,Nasher Miles Premium Polycarbonate Large Luggage,Overall a positive experience. The smooth wheels makes this a great choice for travel.,Positive,0.721804486910737,7.509024041595838,8.035907398959584,6.99379221147132,7.277382006081702,6.818117890646462
Nasher Miles,Nasher Miles Premium Polycarbonate Large Luggage,Overall a positive experience. The smooth wheels makes this a great choice for travel.,Positive,0.19454479713636222,7.126993671839711,9.06076191970891,9.229951538036314,6.04257752294763,6.199743624784144
Nasher Miles,Nasher Miles Premium Polycarbonate Medium Luggage,Overall a positive experience. The telescopic handle is great makes this a great choice for travel.,Positive,0.4229216523022842,6.491337334535494,7.073250711882041,6.006206002003555,7.097025583697676,6.813800820806561
Nasher Miles,Nasher Miles Premium Polycarbonate Medium Luggage,Overall a positive experience. The sturdy material makes this a great choice for travel.,Positive,0.3347579846373765,8.149013489049903,7.333572063766317,8.444562500025626,8.663699488098121,9.666589013897216
Nasher Miles,Nasher Miles Premium Polycarbonate Medium Luggage,Overall a negative experience. The smaller than expected makes this a terrible choice for travel.,Negative,-0.7930904592004404,2.376662424456906,4.350331371225474,1.3768868278666346,3.329143754780093,2.767957956269215
Nasher Miles,Nasher Miles Premium Polycarbonate Medium Luggage,Overall a negative experience. The smaller than expected makes this a terrible choice for travel.,Negative,-0.22078827871144813,2.8123181523723044,1.0483139213879764,3.972135281056792,3.956088496150614,4.989078334966445
Nasher Miles,Nasher Miles Premium Polycarbonate Medium Luggage,Overall a positive experience. The great capacity makes this a great choice for travel.,Positive,0.22687527242493932,8.052505930511849,8.373248197937096,7.488659848867307,6.954338409649315,6.206832334400083
Nasher Miles,Nasher Miles Premium Polycarbonate Cabin Luggage,Overall a positive experience. The smooth wheels makes this a great choice for travel.,Positive,0.8164875851297382,6.587599152744294,7.887806819401027,6.397181138267989,7.644292181046276,6.624061347657479
Nasher Miles,Nasher Miles Premium Polycarbonate Cabin Luggage,Overall a positive experience. The smooth wheels makes this a great choice for travel.,Positive,0.7517793421061469,6.016035291241865,9.924958033612583,6.053788861810268,6.3564676241442815,7.1510415149859945
Nasher Miles,Nasher Miles Premium Polycarbonate Cabin Luggage,Overall a positive experience. The smooth wheels makes this a great choice for travel.,Positive,0.2551511124523783,9.962556399956007,6.7428187683526115,8.942598422836841,8.987940504861344,7.542944286940964
Nasher Miles,Nasher Miles Premium Polycarbonate Cabin Luggage,Overall a positive experience. The telescopic handle is great makes this a great choice for travel.,Positive,0.2027148554257594,6.47113813191239,8.341775038726563,9.486909005091713,9.155674397461555,9.855890712453473
Nasher Miles,Nasher Miles Premium Polycarbonate Cabin Luggage,Overall a positive experience. The telescopic handle is great makes this a great choice for travel.,Positive,0.4304411873309759,8.29215727323386,6.54078377576861,7.4047223773581585,8.137755526458315,6.3186963928583495
Nasher Miles,Nasher Miles Premium Polycarbonate Large Luggage,Overall a positive experience. The great capacity makes this a great choice for travel.,Positive,0.27349477029098657,6.258542807601303,8.186481033172214,9.865612972148618,8.158478268229517,6.488528874596722
Nasher Miles,Nasher Miles Premium Polycarbonate Large Luggage,Overall a positive experience. The excellent zippers makes this a great choice for travel.,Positive,0.4419982007964941,9.880714343619045,7.06893750416838,6.740094940773586,6.418332018725571,6.825300732947044
Nasher Miles,Nasher Miles Premium Polycarbonate Large Luggage,Overall a positive experience. The smooth wheels makes this a great choice for travel.,Positive,0.2011319231339723,6.4395932521249,7.548137403421854,8.240755258165994,9.8083974246624,9.128821159131055
Nasher Miles,Nasher Miles Premium Polycarbonate Large Luggage,Overall a positive experience. The sturdy material makes this a great choice for travel.,Positive,0.11413942902428104,9.88384610527483,8.607574072189806,7.267621927052107,9.8390196942514,7.990364379340978
Nasher Miles,Nasher Miles Premium Polycarbonate Large Luggage,Overall a positive experience. The sturdy material makes this a great choice for travel.,Positive,0.6986226586652177,6.182094525150397,8.484737095140314,8.475471995009753,8.233999169588344,9.37333245024667
Nasher Miles,Nasher Miles Premium Polycarbonate Cabin Luggage,Overall a negative experience. The zipper broke makes this a terrible choice for travel.,Negative,-0.6341233442474047,3.118803669852455,1.9297115348497846,4.783761757141297,3.7315331713833864,3.0966846285979575
Nasher Miles,Nasher Miles Premium Polycarbonate Cabin Luggage,Overall a positive experience. The smooth wheels makes this a great choice for travel.,Positive,0.27329855482996956,9.065619269873451,9.458249958770976,7.960502487581558,7.070602082844594,7.139283858683246
Nasher Miles,Nasher Miles Premium Polycarbonate Cabin Luggage,Overall a positive experience. The great capacity makes this a great choice for travel.,Positive,0.8213866454300486,8.040763975220685,9.696975797340311,9.818249637353414,6.6460203967409806,9.440389699840587
Nasher Miles,Nasher Miles Premium Polycarbonate Cabin Luggage,Overall a positive experience. The excellent zippers makes this a great choice for travel.,Positive,0.12441147120843254,7.772334591876648,8.672255731910095,7.34182789218325,8.134306084331879,9.108430914293693
Nasher Miles,Nasher Miles Premium Polycarbonate Cabin Luggage,Overall a positive experience. The telescopic handle is great makes this a great choice for travel.,Positive,0.44038406501373284,6.61238338725579,6.792127904456052,8.613508061547218,8.306571895357537,6.577645558841406
Nasher Miles,Nasher Miles Premium Polycarbonate Cabin Luggage,Overall a positive experience. The excellent zippers makes this a great choice for travel.,Positive,0.2052780733461,7.271256574535958,7.185204048199938,8.18294882789765,7.1005588318598125,9.907396721721016
Nasher Miles,Nasher Miles Premium Polycarbonate Cabin Luggage,Overall a positive experience. The telescopic handle is great makes this a great choice for travel.,Positive,0.5254602744487393,6.465164914554798,7.984365290200937,6.771692807630613,7.844753304390277,9.67021812424711
Nasher Miles,Nasher Miles Premium Polycarbonate Cabin Luggage,Overall a positive experience. The smooth wheels makes this a great choice for travel.,Positive,0.8803363460136558,9.620739673367746,9.639664688740181,6.053000584196257,8.004670063188772,6.048214442617354
Nasher Miles,Nasher Miles Premium Polycarbonate Cabin Luggage,Overall a positive experience. The telescopic handle is great makes this a great choice for travel.,Positive,0.541967152881883,8.39713887865174,9.667051901859654,7.227293737849353,9.290395317847848,7.61364117804565
Nasher Miles,Nasher Miles Premium Polycarbonate Cabin Luggage,Overall a positive experience. The sturdy material makes this a great choice for travel.,Positive,0.6835435933045444,7.615873285284043,9.810736330265375,7.222315540631722,9.60280538356193,9.700407115609957
Nasher Miles,Nasher Miles Premium Polycarbonate Medium Luggage,Overall a positive experience. The smooth wheels makes this a great choice for travel.,Positive,0.1874957941112279,6.512137247238807,9.196000079343541,7.6765669183319805,9.095452489963655,7.985797558870567
Nasher Miles,Nasher Miles Premium Polycarbonate Medium Luggage,Overall a positive experience. The smooth wheels makes this a great choice for travel.,Positive,0.584228891397751,9.181009120885747,6.665051205860238,7.2720188695058035,7.62715421622257,8.364442277404404
Nasher Miles,Nasher Miles Premium Polycarbonate Medium Luggage,Overall a positive experience. The great capacity makes this a great choice for travel.,Positive,0.13816819858729748,9.906626714581556,9.883116304959788,9.506215607047483,9.991521048700847,9.638536881218108
Nasher Miles,Nasher Miles Premium Polycarbonate Medium Luggage,Overall a positive experience. The sturdy material makes this a great choice for travel.,Positive,0.8630342053202739,6.7885566974114315,8.582621029916877,7.8959747237719515,6.472880128121902,8.505530141844307
Nasher Miles,Nasher Miles Premium Polycarbonate Medium Luggage,Overall a positive experience. The sturdy material makes this a great choice for travel.,Positive,0.541912698626349,9.791055306979372,7.782652929883797,6.09744307781564,7.695094602525008,9.132658502366455
Nasher Miles,Nasher Miles Premium Polycarbonate Large Luggage,Overall a positive experience. The smooth wheels makes this a great choice for travel.,Positive,0.6828514633118881,9.241953587628382,9.573530987027986,9.741788824950557,6.521706872159276,8.189771790484155
Nasher Miles,Nasher Miles Premium Polycarbonate Large Luggage,Overall a positive experience. The smooth wheels makes this a great choice for travel.,Positive,0.4671273853264183,9.202905408556735,7.480693871748539,8.098067550853786,6.953452783551988,9.68973750661959
Nasher Miles,Nasher Miles Premium Polycarbonate Large Luggage,Overall a positive experience. The smooth wheels makes this a great choice for travel.,Positive,0.7381922615961803,6.511556068757362,9.19496278410736,6.706738598015264,9.520589213317733,7.264669324620393
Nasher Miles,Nasher Miles Premium Polycarbonate Large Luggage,Overall a positive experience. The smooth wheels makes this a great choice for travel.,Positive,0.5737506410258755,9.115731015830203,6.339416197922016,9.24777309223899,9.96781858374521,8.179943296531434
Nasher Miles,Nasher Miles Premium Polycarbonate Large Luggage,Overall a positive experience. The excellent zippers makes this a great choice for travel.,Positive,0.6126915675094305,9.828396504835121,6.3067706468441145,6.26492831301711,9.085434027292242,7.218694658631867
Aristocrat,Aristocrat Deep Discounted Cabin Luggage,Overall a positive experience. The great capacity makes this a great choice for travel.,Positive,0.22603809061950184,9.178874904769717,7.1253492636929,7.915254067066334,7.805110452729603,7.940608411883128
Aristocrat,Aristocrat Deep Discounted Cabin Luggage,Overall a positive experience. The excellent zippers makes this a great choice for travel.,Positive,0.4502829740907637,6.259255320048046,9.5079334296877,9.909408946062356,8.774689729526107,6.422134044550358
Aristocrat,Aristocrat Deep Discounted Cabin Luggage,Overall a positive experience. The great capacity makes this a great choice for travel.,Positive,0.772936192744609,9.76887403344944,6.260183166590498,8.932469092705707,6.61553568054271,9.0450958253996
Aristocrat,Aristocrat Deep Discounted Cabin Luggage,Overall a positive experience. The smooth wheels makes this a great choice for travel.,Positive,0.6432942561559375,9.311724474085944,9.496490945086796,8.589102430030518,8.225830631922578,9.276620800222386
Aristocrat,Aristocrat Deep Discounted Cabin Luggage,Overall a positive experience. The smooth wheels makes this a great choice for travel.,Positive,0.1890599151313347,8.254135040559534,9.701711154433605,8.956808611161046,8.741754196027648,8.411339669828068
Aristocrat,Aristocrat Premium Polycarbonate Cabin Luggage,Overall a positive experience. The smooth wheels makes this a great choice for travel.,Positive,0.4780533479821024,8.695060263539784,6.344462454370788,7.7984746263308695,8.100920185211308,9.705501498292342
Aristocrat,Aristocrat Premium Polycarbonate Cabin Luggage,Overall a positive experience. The smooth wheels makes this a great choice for travel.,Positive,0.39321050031792926,9.873244368061986,6.286953507465258,8.735162893003094,6.214307600386768,7.520597019800809
Aristocrat,Aristocrat Premium Polycarbonate Cabin Luggage,Overall a positive experience. The telescopic handle is great makes this a great choice for travel.,Positive,0.7902568043826091,7.241576061474971,8.269424380892092,8.891718961541496,7.9852859912016285,6.54732343020593
Aristocrat,Aristocrat Premium Polycarbonate Cabin Luggage,Overall a positive experience. The telescopic handle is great makes this a great choice for travel.,Positive,0.6242467955899668,7.958410848308591,6.244716259103411,8.847772373000838,8.897542651679647,7.539246763344534
Aristocrat,Aristocrat Premium Polycarbonate Cabin Luggage,Overall a positive experience. The sturdy material makes this a great choice for travel.,Positive,0.12993445336743267,9.50314314036278,9.865765993045496,8.864521312510046,8.999894891401958,8.841591141470131
Aristocrat,Aristocrat Premium Polycarbonate Cabin Luggage,Overall a positive experience. The excellent zippers makes this a great choice for travel.,Positive,0.4424963792175455,9.684050090972365,6.8179278272331185,8.207392181991839,6.888636898269378,9.197552980768346
Aristocrat,Aristocrat Premium Polycarbonate Cabin Luggage,Overall a positive experience. The sturdy material makes this a great choice for travel.,Positive,0.2345273271510224,8.710414201766067,8.478495890363746,9.800715963115284,7.024779164293718,7.218733000168379
Aristocrat,Aristocrat Premium Polycarbonate Cabin Luggage,Overall a positive experience. The telescopic handle is great makes this a great choice for travel.,Positive,0.3424637284115287,7.6900109883899255,7.339478285920443,8.905382547366445,7.035996121322239,9.747041268907582
Aristocrat,Aristocrat Premium Polycarbonate Cabin Luggage,Overall a positive experience. The smooth wheels makes this a great choice for travel.,Positive,0.37967054135142975,9.909131851878522,8.680641406609885,8.075247494268712,7.566859248590337,9.086770742480823
Aristocrat,Aristocrat Premium Polycarbonate Cabin Luggage,Overall a positive experience. The telescopic handle is great makes this a great choice for travel.,Positive,0.47415501697437346,8.481723019167543,8.026270371896095,8.306465216379321,7.3608888024693755,6.673914310468212
Aristocrat,Aristocrat Premium Polycarbonate Large Luggage,Overall a positive experience. The sturdy material makes this a great choice for travel.,Positive,0.7197012469278689,6.476298369125526,6.0435569582820134,7.673475883076595,8.25243028244122,7.2686321419512
Aristocrat,Aristocrat Premium Polycarbonate Large Luggage,Overall a negative experience. The material scratches easily makes this a terrible choice for travel.,Negative,-0.3476687884060501,4.307764297929621,4.018468733542527,4.558844148775723,4.545006351662159,1.8995035490078531
Aristocrat,Aristocrat Premium Polycarbonate Large Luggage,Overall a positive experience. The smooth wheels makes this a great choice for travel.,Positive,0.3942209782920666,8.300055207638602,8.614745646812514,7.008501681326653,8.595711440275652,9.413595634181574
Aristocrat,Aristocrat Premium Polycarbonate Large Luggage,Overall a positive experience. The smooth wheels makes this a great choice for travel.,Positive,0.7385195038875741,9.771285747161139,9.172046210047327,8.517284670584978,6.6799730070201,7.7228871478509005
Aristocrat,Aristocrat Premium Polycarbonate Large Luggage,Overall a positive experience. The smooth wheels makes this a great choice for travel.,Positive,0.6543316850045521,6.96788408932146,9.043222459108742,8.678910245994581,6.575608160155266,6.4924241846659605
Aristocrat,Aristocrat Premium Polycarbonate Large Luggage,Overall a positive experience. The telescopic handle is great makes this a great choice for travel.,Positive,0.6531115229349296,7.8706735211714545,7.442347998799189,6.637218182203041,8.634470524963753,9.043982842141055
Aristocrat,Aristocrat Premium Polycarbonate Large Luggage,Overall a positive experience. The excellent zippers makes this a great choice for travel.,Positive,0.8609961823118294,8.377822421328345,6.98581587922224,6.472488924102383,9.291373881585164,7.0873054738931955
Aristocrat,Aristocrat Premium Polycarbonate Large Luggage,Overall a positive experience. The great capacity makes this a great choice for travel.,Positive,0.8244933267966255,6.069130826185246,7.39505435940727,7.381847242106735,6.943160422724759,8.666351532209667
Aristocrat,Aristocrat Premium Polycarbonate Large Luggage,Overall a positive experience. The sturdy material makes this a great choice for travel.,Positive,0.35916650276961704,8.881501604484455,6.029519998523341,8.09772858086854,9.960109913471769,7.251959756048993
Aristocrat,Aristocrat Premium Polycarbonate Large Luggage,Overall a positive experience. The sturdy material makes this a great choice for travel.,Positive,0.43056823870717453,6.304379029308862,9.6739466721383,8.676900051081557,6.406185743490931,7.560773883245437
Aristocrat,Aristocrat Premium Polycarbonate Large Luggage,Overall a positive experience. The smooth wheels makes this a great choice for travel.,Positive,0.8276333590918454,7.160057794302354,9.094035780383654,6.889628438221051,8.985169897102924,7.431952514252661
Aristocrat,Aristocrat Premium Polycarbonate Large Luggage,Overall a positive experience. The excellent zippers makes this a great choice for travel.,Positive,0.34577355710512886,7.20227382598026,9.973934184925863,9.670327825729656,6.807246426181013,8.140769608718276
Aristocrat,Aristocrat Premium Polycarbonate Large Luggage,Overall a negative experience. The material scratches easily makes this a terrible choice for travel.,Negative,-0.258459354055675,3.3922393711820553,1.7955672006030472,1.055985101298572,3.656625141965833,2.24599746062008
Aristocrat,Aristocrat Premium Polycarbonate Large Luggage,Overall a negative experience. The material scratches easily makes this a terrible choice for travel.,Negative,-0.2695521942148268,3.99319109519931,2.6537876359076207,4.210339696090446,2.2288586980529064,2.2509839957596323
Aristocrat,Aristocrat Premium Polycarbonate Large Luggage,Overall a positive experience. The excellent zippers makes this a great choice for travel.,Positive,0.5251426565422653,6.248707228208174,7.3839822243748365,9.919873691356258,9.366250426659319,9.09701366473277
Aristocrat,Aristocrat Premium Polycarbonate Cabin Luggage,Overall a positive experience. The smooth wheels makes this a great choice for travel.,Positive,0.21184194351765104,9.911821776403846,7.283163684758923,6.957854649559165,7.5855215361291,7.536941498781703
Aristocrat,Aristocrat Premium Polycarbonate Cabin Luggage,Overall a positive experience. The great capacity makes this a great choice for travel.,Positive,0.14427610565743532,7.9349117445373585,9.771642726305187,7.731344109162542,9.682651801181606,9.79264847356131
Aristocrat,Aristocrat Premium Polycarbonate Cabin Luggage,Overall a positive experience. The smooth wheels makes this a great choice for travel.,Positive,0.34411286926477114,7.759129949376003,9.427327371287042,8.559653305460591,7.076427192093607,8.712982551102769
Aristocrat,Aristocrat Premium Polycarbonate Cabin Luggage,Overall a positive experience. The sturdy material makes this a great choice for travel.,Positive,0.8313429580101336,8.965336553897776,8.605202775104328,8.431002841078536,9.421653406851615,7.309525367232292
Aristocrat,Aristocrat Premium Polycarbonate Cabin Luggage,Overall a negative experience. The smaller than expected makes this a terrible choice for travel.,Negative,-0.8055580040023536,1.636865595834387,2.6159331493207905,2.662300201974203,1.961424616760271,3.241127694151539
Aristocrat,Aristocrat Premium Polycarbonate Medium Luggage,Overall a negative experience. The wheels get stuck makes this a terrible choice for travel.,Negative,-0.4697694095870141,3.4631439598277343,2.355627077123973,3.7348233226163043,4.629902607339527,1.4045124067626698
Aristocrat,Aristocrat Premium Polycarbonate Medium Luggage,Overall a negative experience. The zipper broke makes this a terrible choice for travel.,Negative,-0.40047063595296606,2.8347441460274294,4.871428329755215,2.4685823579857065,4.126313905056616,3.2583274991479203
Aristocrat,Aristocrat Premium Polycarbonate Medium Luggage,Overall a negative experience. The smaller than expected makes this a terrible choice for travel.,Negative,-0.49660715901228764,3.6027518854740195,3.9453577767418246,4.089452695484665,3.290579386133243,1.3398177604431418
Aristocrat,Aristocrat Premium Polycarbonate Medium Luggage,Overall a negative experience. The smaller than expected makes this a terrible choice for travel.,Negative,-0.8099405244102226,2.695670245025235,3.1615733851114487,4.679469637815271,1.9219726272501374,2.215068668078579
Aristocrat,Aristocrat Premium Polycarbonate Medium Luggage,Overall a positive experience. The great capacity makes this a great choice for travel.,Positive,0.6038316345713746,8.672227800946484,7.057523624864261,9.029383908606764,6.284760780831869,7.1893755096233285
Aristocrat,Aristocrat Premium Polycarbonate Medium Luggage,Overall a positive experience. The telescopic handle is great makes this a great choice for travel.,Positive,0.8797761794657637,6.742905171204768,7.098701547362031,6.044906298524504,9.833573961633784,7.797003695768595
Aristocrat,Aristocrat Premium Polycarbonate Medium Luggage,Overall a positive experience. The telescopic handle is great makes this a great choice for travel.,Positive,0.22509086933778014,8.113899063036378,7.875688656140749,8.289523551972174,6.464149885126972,9.415315283406716
Aristocrat,Aristocrat Premium Polycarbonate Medium Luggage,Overall a positive experience. The excellent zippers makes this a great choice for travel.,Positive,0.7238008980020693,6.105071637269942,8.759450389942945,8.954037944520461,9.558333063560298,6.854053470943491
Aristocrat,Aristocrat Premium Polycarbonate Medium Luggage,Overall a positive experience. The smooth wheels makes this a great choice for travel.,Positive,0.8262123765960531,7.55532723443361,7.5950246657194,9.782721403042535,9.51156473416442,7.270537215828481
Aristocrat,Aristocrat Premium Polycarbonate Medium Luggage,Overall a positive experience. The sturdy material makes this a great choice for travel.,Positive,0.2599641386302579,6.8335533782674425,7.331134882553535,9.899380229131793,9.722971343746904,6.989005421255235
Aristocrat,Aristocrat Premium Polycarbonate Cabin Luggage,Overall a positive experience. The smooth wheels makes this a great choice for travel.,Positive,0.7639138965349566,7.277235072466654,9.673932695848805,7.232471618264688,9.0363312726291,9.07629678278386
Aristocrat,Aristocrat Premium Polycarbonate Cabin Luggage,Overall a positive experience. The great capacity makes this a great choice for travel.,Positive,0.4049733730931372,6.081041276011472,8.234909480078368,8.204238965889166,7.921305990937913,9.005967738187138
Aristocrat,Aristocrat Premium Polycarbonate Cabin Luggage,Overall a positive experience. The great capacity makes this a great choice for travel.,Positive,0.3197173757609748,9.226573869832084,7.866383908916651,6.118847570427059,7.799139736657873,8.186428220250562
Aristocrat,Aristocrat Premium Polycarbonate Cabin Luggage,Overall a positive experience. The great capacity makes this a great choice for travel.,Positive,0.5478967101290599,9.174328131139386,7.050264226492038,8.347715628970146,8.32348117759299,7.9708166243278855
Aristocrat,Aristocrat Premium Polycarbonate Cabin Luggage,Overall a negative experience. The handle jammed makes this a terrible choice for travel.,Negative,-0.5672106853035349,2.6135822112778473,3.7873189443600883,3.9085469556673074,1.4108205922736698,1.8362777212024244
Aristocrat,Aristocrat Premium Polycarbonate Cabin Luggage,Overall a positive experience. The telescopic handle is great makes this a great choice for travel.,Positive,0.5578941376725828,6.9108628293164855,9.450586933632046,8.503054506699621,6.622119979548106,7.923013804690367
Aristocrat,Aristocrat Premium Polycarbonate Cabin Luggage,Overall a positive experience. The excellent zippers makes this a great choice for travel.,Positive,0.6161125107300671,9.422282516588902,7.941943030294681,7.285495388404559,9.811549318969137,8.386067940655204
Aristocrat,Aristocrat Premium Polycarbonate Cabin Luggage,Overall a positive experience. The excellent zippers makes this a great choice for travel.,Positive,0.10901239678664965,7.419156769112716,6.9403522113139395,7.666866474783665,7.233692200225301,7.950982914164822
Aristocrat,Aristocrat Premium Polycarbonate Cabin Luggage,Overall a positive experience. The sturdy material makes this a great choice for travel.,Positive,0.10550809757223796,9.04657707726141,7.557947011758035,6.457782087550541,8.04296613798395,9.960492902396478
Aristocrat,Aristocrat Premium Polycarbonate Cabin Luggage,Overall a positive experience. The excellent zippers makes this a great choice for travel.,Positive,0.3484749970982828,9.933754620272543,8.128342759438485,8.881082840618994,7.685445550551362,7.707194235417614
Aristocrat,Aristocrat Premium Polycarbonate Large Luggage,Overall a positive experience. The sturdy material makes this a great choice for travel.,Positive,0.6223222980298502,9.430617499837693,7.531404727011944,9.380106492730926,6.919587641206033,9.188980523050926
Aristocrat,Aristocrat Premium Polycarbonate Large Luggage,Overall a positive experience. The sturdy material makes this a great choice for travel.,Positive,0.5606170305221372,8.916909400396912,6.006588799119672,9.544188042370827,8.244291682686429,6.970696627646624
Aristocrat,Aristocrat Premium Polycarbonate Large Luggage,Overall a positive experience. The excellent zippers makes this a great choice for travel.,Positive,0.6386901291147253,9.858796912114421,6.85300084875654,9.118662193468996,8.80450964285594,6.34791463576844
Aristocrat,Aristocrat Premium Polycarbonate Large Luggage,Overall a positive experience. The sturdy material makes this a great choice for travel.,Positive,0.5780253596732935,7.01714321284795,7.004777588413456,8.38015607462242,8.701320414820092,6.734955878255709
Aristocrat,Aristocrat Premium Polycarbonate Large Luggage,Overall a positive experience. The sturdy material makes this a great choice for travel.,Positive,0.19650459386262886,9.21222295552949,9.598722166473337,8.640398548308273,7.481963807670445,6.502320940193448
