Brand,Review
Safari,Excellent value for money
Safari,Perfect for travel
Safari,Perfect for travel
Safari,Good zipper and strong handle
Safari,Nothing special
Safari,Standard luggage
Safari,Okay for travel
Safari,Not spacious as expected
Safari,Handle feels weak
Safari,Poor wheel quality
Safari,Stylish design and good finish
Safari,Strong build quality
Safari,Lightweight and spacious
Safari,Very durable and good quality
Safari,Decent quality
Safari,Acceptable quality
Safari,Standard luggage
Safari,Not spacious as expected
Safari,Not spacious as expected
Safari,Not spacious as expected
Safari,Stylish design and good finish
Safari,Strong build quality
Safari,Excellent value for money
Safari,Lightweight and spacious
Safari,Standard luggage
Safari,Basic features
Safari,Nothing special
Safari,Not durable enough
Safari,Material feels cheap
Safari,Not spacious as expected
Safari,Stylish design and good finish
Safari,Lightweight and spacious
Safari,Smooth wheels and easy to carry
Safari,Good zipper and strong handle
Safari,Standard luggage
Safari,Basic features
Safari,Normal suitcase
Safari,Overpriced for quality
Safari,Material feels cheap
Safari,Scratches easily
Safari,Very durable and good quality
Safari,Stylish design and good finish
Safari,Perfect for travel
Safari,Perfect for travel
Safari,Normal suitcase
Safari,Nothing special
Safari,Standard luggage
Safari,Material feels cheap
Safari,Not spacious as expected
Safari,Overpriced for quality
Safari,Lightweight and spacious
Safari,Good zipper and strong handle
Safari,Strong build quality
Safari,Good zipper and strong handle
Safari,Basic features
Safari,Nothing special
Safari,Average product
Safari,Scratches easily
Safari,Not spacious as expected
Safari,Not durable enough
Safari,Very durable and good quality
Safari,Stylish design and good finish
Safari,Good zipper and strong handle
Safari,Lightweight and spacious
Safari,Acceptable quality
Safari,Normal suitcase
Safari,Normal suitcase
Safari,Material feels cheap
Safari,Handle feels weak
Safari,Not durable enough
Safari,Smooth wheels and easy to carry
Safari,Very durable and good quality
Safari,Stylish design and good finish
Safari,Smooth wheels and easy to carry
Safari,Basic features
Safari,Acceptable quality
Safari,Okay for travel
Safari,Zipper broke after few uses
Safari,Scratches easily
Safari,Zipper broke after few uses
Safari,Lightweight and spacious
Safari,Very durable and good quality
Safari,Good zipper and strong handle
Safari,Perfect for travel
Safari,Acceptable quality
Safari,Standard luggage
Safari,Normal suitcase
Safari,Handle feels weak
Safari,Zipper broke after few uses
Safari,Material feels cheap
Safari,Smooth wheels and easy to carry
Safari,Very durable and good quality
Safari,Perfect for travel
Safari,Stylish design and good finish
Safari,Acceptable quality
Safari,Okay for travel
Safari,Acceptable quality
Safari,Overpriced for quality
Safari,Handle feels weak
Safari,Zipper broke after few uses
Safari,Strong build quality
Safari,Good zipper and strong handle
Safari,Smooth wheels and easy to carry
Safari,Good zipper and strong handle
Safari,Acceptable quality
Safari,Decent quality
Safari,Normal suitcase
Safari,Not spacious as expected
Safari,Overpriced for quality
Safari,Overpriced for quality
Safari,Lightweight and spacious
Safari,Perfect for travel
Safari,Excellent value for money
Safari,Stylish design and good finish
Safari,Average product
Safari,Average product
Safari,Okay for travel
Safari,Poor wheel quality
Safari,Overpriced for quality
Safari,Not durable enough
Skybags,Excellent value for money
Skybags,Very durable and good quality
Skybags,Smooth wheels and easy to carry
Skybags,Perfect for travel
Skybags,Decent quality
Skybags,Standard luggage
Skybags,Normal suitcase
Skybags,Not durable enough
Skybags,Not spacious as expected
Skybags,Not spacious as expected
Skybags,Stylish design and good finish
Skybags,Smooth wheels and easy to carry
Skybags,Good zipper and strong handle
Skybags,Good zipper and strong handle
Skybags,Normal suitcase
Skybags,Acceptable quality
Skybags,Okay for travel
Skybags,Material feels cheap
Skybags,Scratches easily
Skybags,Zipper broke after few uses
Skybags,Good zipper and strong handle
Skybags,Excellent value for money
Skybags,Smooth wheels and easy to carry
Skybags,Lightweight and spacious
Skybags,Normal suitcase
Skybags,Acceptable quality
Skybags,Average product
Skybags,Scratches easily
Skybags,Overpriced for quality
Skybags,Not durable enough
Skybags,Lightweight and spacious
Skybags,Good zipper and strong handle
Skybags,Very durable and good quality
Skybags,Excellent value for money
Skybags,Decent quality
Skybags,Average product
Skybags,Decent quality
Skybags,Material feels cheap
Skybags,Scratches easily
Skybags,Not durable enough
Skybags,Good zipper and strong handle
Skybags,Smooth wheels and easy to carry
Skybags,Excellent value for money
Skybags,Smooth wheels and easy to carry
Skybags,Decent quality
Skybags,Normal suitcase
Skybags,Nothing special
Skybags,Material feels cheap
Skybags,Overpriced for quality
Skybags,Not spacious as expected
Skybags,Very durable and good quality
Skybags,Strong build quality
Skybags,Good zipper and strong handle
Skybags,Very durable and good quality
Skybags,Normal suitcase
Skybags,Basic features
Skybags,Average product
Skybags,Material feels cheap
Skybags,Not spacious as expected
Skybags,Material feels cheap
Skybags,Perfect for travel
Skybags,Smooth wheels and easy to carry
Skybags,Excellent value for money
Skybags,Stylish design and good finish
Skybags,Basic features
Skybags,Okay for travel
Skybags,Normal suitcase
Skybags,Overpriced for quality
Skybags,Overpriced for quality
Skybags,Material feels cheap
Skybags,Stylish design and good finish
Skybags,Smooth wheels and easy to carry
Skybags,Perfect for travel
Skybags,Strong build quality
Skybags,Okay for travel
Skybags,Basic features
Skybags,Nothing special
Skybags,Zipper broke after few uses
Skybags,Material feels cheap
Skybags,Zipper broke after few uses
Skybags,Smooth wheels and easy to carry
Skybags,Excellent value for money
Skybags,Stylish design and good finish
Skybags,Strong build quality
Skybags,Acceptable quality
Skybags,Average product
Skybags,Acceptable quality
Skybags,Not durable enough
Skybags,Not durable enough
Skybags,Zipper broke after few uses
Skybags,Strong build quality
Skybags,Strong build quality
Skybags,Good zipper and strong handle
Skybags,Lightweight and spacious
Skybags,Normal suitcase
Skybags,Okay for travel
Skybags,Standard luggage
Skybags,Handle feels weak
Skybags,Material feels cheap
Skybags,Overpriced for quality
Skybags,Lightweight and spacious
Skybags,Good zipper and strong handle
Skybags,Strong build quality
Skybags,Lightweight and spacious
Skybags,Okay for travel
Skybags,Acceptable quality
Skybags,Average product
Skybags,Scratches easily
Skybags,Overpriced for quality
Skybags,Scratches easily
Skybags,Smooth wheels and easy to carry
Skybags,Stylish design and good finish
Skybags,Very durable and good quality
Skybags,Stylish design and good finish
Skybags,Normal suitcase
Skybags,Okay for travel
Skybags,Decent quality
Skybags,Handle feels weak
Skybags,Handle feels weak
Skybags,Zipper broke after few uses
American Tourister,Lightweight and spacious
American Tourister,Very durable and good quality
American Tourister,Smooth wheels and easy to carry
American Tourister,Good zipper and strong handle
American Tourister,Standard luggage
American Tourister,Normal suitcase
American Tourister,Okay for travel
American Tourister,Zipper broke after few uses
American Tourister,Not durable enough
American Tourister,Overpriced for quality
American Tourister,Perfect for travel
American Tourister,Strong build quality
American Tourister,Strong build quality
American Tourister,Lightweight and spacious
American Tourister,Average product
American Tourister,Average product
American Tourister,Okay for travel
American Tourister,Zipper broke after few uses
American Tourister,Not spacious as expected
American Tourister,Not durable enough
American Tourister,Strong build quality
American Tourister,Lightweight and spacious
American Tourister,Very durable and good quality
American Tourister,Excellent value for money
American Tourister,Nothing special
American Tourister,Acceptable quality
American Tourister,Basic features
American Tourister,Overpriced for quality
American Tourister,Scratches easily
American Tourister,Scratches easily
American Tourister,Perfect for travel
American Tourister,Good zipper and strong handle
American Tourister,Excellent value for money
American Tourister,Strong build quality
American Tourister,Nothing special
American Tourister,Okay for travel
American Tourister,Normal suitcase
American Tourister,Zipper broke after few uses
American Tourister,Handle feels weak
American Tourister,Handle feels weak
American Tourister,Smooth wheels and easy to carry
American Tourister,Stylish design and good finish
American Tourister,Excellent value for money
American Tourister,Good zipper and strong handle
American Tourister,Standard luggage
American Tourister,Average product
American Tourister,Average product
American Tourister,Not spacious as expected
American Tourister,Not spacious as expected
American Tourister,Material feels cheap
American Tourister,Smooth wheels and easy to carry
American Tourister,Smooth wheels and easy to carry
American Tourister,Very durable and good quality
American Tourister,Stylish design and good finish
American Tourister,Decent quality
American Tourister,Average product
American Tourister,Standard luggage
American Tourister,Material feels cheap
American Tourister,Handle feels weak
American Tourister,Not spacious as expected
American Tourister,Stylish design and good finish
American Tourister,Very durable and good quality
American Tourister,Lightweight and spacious
American Tourister,Perfect for travel
American Tourister,Nothing special
American Tourister,Basic features
American Tourister,Acceptable quality
American Tourister,Handle feels weak
American Tourister,Handle feels weak
American Tourister,Poor wheel quality
American Tourister,Lightweight and spacious
American Tourister,Lightweight and spacious
American Tourister,Very durable and good quality
American Tourister,Strong build quality
American Tourister,Acceptable quality
American Tourister,Standard luggage
American Tourister,Normal suitcase
American Tourister,Material feels cheap
American Tourister,Material feels cheap
American Tourister,Not spacious as expected
American Tourister,Perfect for travel
American Tourister,Smooth wheels and easy to carry
American Tourister,Excellent value for money
American Tourister,Very durable and good quality
American Tourister,Basic features
American Tourister,Average product
American Tourister,Normal suitcase
American Tourister,Overpriced for quality
American Tourister,Zipper broke after few uses
American Tourister,Overpriced for quality
American Tourister,Lightweight and spacious
American Tourister,Perfect for travel
American Tourister,Smooth wheels and easy to carry
American Tourister,Lightweight and spacious
American Tourister,Okay for travel
American Tourister,Decent quality
American Tourister,Standard luggage
American Tourister,Scratches easily
American Tourister,Poor wheel quality
American Tourister,Overpriced for quality
American Tourister,Good zipper and strong handle
American Tourister,Stylish design and good finish
American Tourister,Very durable and good quality
American Tourister,Good zipper and strong handle
American Tourister,Standard luggage
American Tourister,Basic features
American Tourister,Normal suitcase
American Tourister,Zipper broke after few uses
American Tourister,Handle feels weak
American Tourister,Handle feels weak
American Tourister,Good zipper and strong handle
American Tourister,Very durable and good quality
American Tourister,Very durable and good quality
American Tourister,Stylish design and good finish
American Tourister,Acceptable quality
American Tourister,Standard luggage
American Tourister,Nothing special
American Tourister,Handle feels weak
American Tourister,Not durable enough
American Tourister,Not durable enough
Vip,Stylish design and good finish
Vip,Excellent value for money
Vip,Smooth wheels and easy to carry
Vip,Very durable and good quality
Vip,Basic features
Vip,Normal suitcase
Vip,Nothing special
Vip,Not spacious as expected
Vip,Not durable enough
Vip,Overpriced for quality
Vip,Smooth wheels and easy to carry
Vip,Strong build quality
Vip,Smooth wheels and easy to carry
Vip,Stylish design and good finish
Vip,Nothing special
Vip,Nothing special
Vip,Average product
Vip,Not spacious as expected
Vip,Material feels cheap
Vip,Material feels cheap
Vip,Excellent value for money
Vip,Perfect for travel
Vip,Stylish design and good finish
Vip,Strong build quality
Vip,Standard luggage
Vip,Acceptable quality
Vip,Normal suitcase
Vip,Overpriced for quality
Vip,Not durable enough
Vip,Handle feels weak
Vip,Stylish design and good finish
Vip,Strong build quality
Vip,Smooth wheels and easy to carry
Vip,Good zipper and strong handle
Vip,Standard luggage
Vip,Normal suitcase
Vip,Acceptable quality
Vip,Not spacious as expected
Vip,Not durable enough
Vip,Handle feels weak
Vip,Lightweight and spacious
Vip,Strong build quality
Vip,Good zipper and strong handle
Vip,Smooth wheels and easy to carry
Vip,Nothing special
Vip,Okay for travel
Vip,Decent quality
Vip,Material feels cheap
Vip,Not durable enough
Vip,Handle feels weak
Vip,Strong build quality
Vip,Very durable and good quality
Vip,Excellent value for money
Vip,Strong build quality
Vip,Normal suitcase
Vip,Average product
Vip,Basic features
Vip,Poor wheel quality
Vip,Poor wheel quality
Vip,Handle feels weak
Vip,Stylish design and good finish
Vip,Perfect for travel
Vip,Very durable and good quality
Vip,Perfect for travel
Vip,Normal suitcase
Vip,Standard luggage
Vip,Basic features
Vip,Overpriced for quality
Vip,Handle feels weak
Vip,Scratches easily
Vip,Perfect for travel
Vip,Perfect for travel
Vip,Smooth wheels and easy to carry
Vip,Excellent value for money
Vip,Normal suitcase
Vip,Average product
Vip,Okay for travel
Vip,Material feels cheap
Vip,Not spacious as expected
Vip,Handle feels weak
Vip,Good zipper and strong handle
Vip,Good zipper and strong handle
Vip,Good zipper and strong handle
Vip,Stylish design and good finish
Vip,Decent quality
Vip,Normal suitcase
Vip,Decent quality
Vip,Not spacious as expected
Vip,Handle feels weak
Vip,Handle feels weak
Vip,Good zipper and strong handle
Vip,Strong build quality
Vip,Lightweight and spacious
Vip,Very durable and good quality
Vip,Decent quality
Vip,Nothing special
Vip,Basic features
Vip,Scratches easily
Vip,Scratches easily
Vip,Not spacious as expected
Vip,Smooth wheels and easy to carry
Vip,Smooth wheels and easy to carry
Vip,Very durable and good quality
Vip,Lightweight and spacious
Vip,Normal suitcase
Vip,Decent quality
Vip,Normal suitcase
Vip,Overpriced for quality
Vip,Scratches easily
Vip,Zipper broke after few uses
Vip,Perfect for travel
Vip,Smooth wheels and easy to carry
Vip,Good zipper and strong handle
Vip,Stylish design and good finish
Vip,Standard luggage
Vip,Okay for travel
Vip,Average product
Vip,Material feels cheap
Vip,Not durable enough
Vip,Poor wheel quality
Nasher Miles,Very durable and good quality
Nasher Miles,Perfect for travel
Nasher Miles,Smooth wheels and easy to carry
Nasher Miles,Stylish design and good finish
Nasher Miles,Average product
Nasher Miles,Standard luggage
Nasher Miles,Normal suitcase
Nasher Miles,Material feels cheap
Nasher Miles,Not spacious as expected
Nasher Miles,Material feels cheap
Nasher Miles,Lightweight and spacious
Nasher Miles,Excellent value for money
Nasher Miles,Good zipper and strong handle
Nasher Miles,Strong build quality
Nasher Miles,Standard luggage
Nasher Miles,Acceptable quality
Nasher Miles,Acceptable quality
Nasher Miles,Zipper broke after few uses
Nasher Miles,Handle feels weak
Nasher Miles,Handle feels weak
Nasher Miles,Lightweight and spacious
Nasher Miles,Lightweight and spacious
Nasher Miles,Good zipper and strong handle
Nasher Miles,Strong build quality
Nasher Miles,Nothing special
Nasher Miles,Nothing special
Nasher Miles,Acceptable quality
Nasher Miles,Not durable enough
Nasher Miles,Not spacious as expected
Nasher Miles,Poor wheel quality
Nasher Miles,Lightweight and spacious
Nasher Miles,Perfect for travel
Nasher Miles,Smooth wheels and easy to carry
Nasher Miles,Perfect for travel
Nasher Miles,Okay for travel
Nasher Miles,Acceptable quality
Nasher Miles,Decent quality
Nasher Miles,Material feels cheap
Nasher Miles,Scratches easily
Nasher Miles,Material feels cheap
Nasher Miles,Excellent value for money
Nasher Miles,Lightweight and spacious
Nasher Miles,Lightweight and spacious
Nasher Miles,Excellent value for money
Nasher Miles,Normal suitcase
Nasher Miles,Acceptable quality
Nasher Miles,Okay for travel
Nasher Miles,Handle feels weak
Nasher Miles,Not durable enough
Nasher Miles,Zipper broke after few uses
Nasher Miles,Excellent value for money
Nasher Miles,Perfect for travel
Nasher Miles,Excellent value for money
Nasher Miles,Smooth wheels and easy to carry
Nasher Miles,Normal suitcase
Nasher Miles,Decent quality
Nasher Miles,Standard luggage
Nasher Miles,Scratches easily
Nasher Miles,Poor wheel quality
Nasher Miles,Overpriced for quality
Nasher Miles,Strong build quality
Nasher Miles,Lightweight and spacious
Nasher Miles,Perfect for travel
Nasher Miles,Excellent value for money
Nasher Miles,Okay for travel
Nasher Miles,Decent quality
Nasher Miles,Acceptable quality
Nasher Miles,Scratches easily
Nasher Miles,Overpriced for quality
Nasher Miles,Not durable enough
Nasher Miles,Stylish design and good finish
Nasher Miles,Lightweight and spacious
Nasher Miles,Very durable and good quality
Nasher Miles,Good zipper and strong handle
Nasher Miles,Acceptable quality
Nasher Miles,Decent quality
Nasher Miles,Normal suitcase
Nasher Miles,Not durable enough
Nasher Miles,Not spacious as expected
Nasher Miles,Handle feels weak
Nasher Miles,Good zipper and strong handle
Nasher Miles,Very durable and good quality
Nasher Miles,Lightweight and spacious
Nasher Miles,Very durable and good quality
Nasher Miles,Okay for travel
Nasher Miles,Basic features
Nasher Miles,Standard luggage
Nasher Miles,Scratches easily
Nasher Miles,Not spacious as expected
Nasher Miles,Scratches easily
Nasher Miles,Good zipper and strong handle
Nasher Miles,Very durable and good quality
Nasher Miles,Smooth wheels and easy to carry
Nasher Miles,Smooth wheels and easy to carry
Nasher Miles,Decent quality
Nasher Miles,Decent quality
Nasher Miles,Okay for travel
Nasher Miles,Overpriced for quality
Nasher Miles,Zipper broke after few uses
Nasher Miles,Handle feels weak
Nasher Miles,Smooth wheels and easy to carry
Nasher Miles,Stylish design and good finish
Nasher Miles,Strong build quality
Nasher Miles,Very durable and good quality
Nasher Miles,Acceptable quality
Nasher Miles,Okay for travel
Nasher Miles,Normal suitcase
Nasher Miles,Handle feels weak
Nasher Miles,Handle feels weak
Nasher Miles,Zipper broke after few uses
Nasher Miles,Stylish design and good finish
Nasher Miles,Good zipper and strong handle
Nasher Miles,Very durable and good quality
Nasher Miles,Excellent value for money
Nasher Miles,Acceptable quality
Nasher Miles,Average product
Nasher Miles,Normal suitcase
Nasher Miles,Handle feels weak
Nasher Miles,Zipper broke after few uses
Nasher Miles,Material feels cheap
Aristocrat,Smooth wheels and easy to carry
Aristocrat,Strong build quality
Aristocrat,Lightweight and spacious
Aristocrat,Excellent value for money
Aristocrat,Normal suitcase
Aristocrat,Normal suitcase
Aristocrat,Decent quality
Aristocrat,Not spacious as expected
Aristocrat,Zipper broke after few uses
Aristocrat,Not durable enough
Aristocrat,Perfect for travel
Aristocrat,Strong build quality
Aristocrat,Good zipper and strong handle
Aristocrat,Strong build quality
Aristocrat,Standard luggage
Aristocrat,Basic features
Aristocrat,Acceptable quality
Aristocrat,Scratches easily
Aristocrat,Not spacious as expected
Aristocrat,Scratches easily
Aristocrat,Smooth wheels and easy to carry
Aristocrat,Perfect for travel
Aristocrat,Good zipper and strong handle
Aristocrat,Excellent value for money
Aristocrat,Normal suitcase
Aristocrat,Nothing special
Aristocrat,Standard luggage
Aristocrat,Zipper broke after few uses
Aristocrat,Zipper broke after few uses
Aristocrat,Poor wheel quality
Aristocrat,Lightweight and spacious
Aristocrat,Perfect for travel
Aristocrat,Excellent value for money
Aristocrat,Good zipper and strong handle
Aristocrat,Average product
Aristocrat,Normal suitcase
Aristocrat,Nothing special
Aristocrat,Handle feels weak
Aristocrat,Not durable enough
Aristocrat,Material feels cheap
Aristocrat,Excellent value for money
Aristocrat,Very durable and good quality
Aristocrat,Lightweight and spacious
Aristocrat,Perfect for travel
Aristocrat,Average product
Aristocrat,Average product
Aristocrat,Normal suitcase
Aristocrat,Scratches easily
Aristocrat,Handle feels weak
Aristocrat,Not durable enough
Aristocrat,Perfect for travel
Aristocrat,Stylish design and good finish
Aristocrat,Smooth wheels and easy to carry
Aristocrat,Perfect for travel
Aristocrat,Standard luggage
Aristocrat,Basic features
Aristocrat,Okay for travel
Aristocrat,Zipper broke after few uses
Aristocrat,Not durable enough
Aristocrat,Material feels cheap
Aristocrat,Excellent value for money
Aristocrat,Smooth wheels and easy to carry
Aristocrat,Stylish design and good finish
Aristocrat,Strong build quality
Aristocrat,Basic features
Aristocrat,Basic features
Aristocrat,Acceptable quality
Aristocrat,Poor wheel quality
Aristocrat,Scratches easily
Aristocrat,Not spacious as expected
Aristocrat,Lightweight and spacious
Aristocrat,Excellent value for money
Aristocrat,Smooth wheels and easy to carry
Aristocrat,Stylish design and good finish
Aristocrat,Basic features
Aristocrat,Okay for travel
Aristocrat,Average product
Aristocrat,Zipper broke after few uses
Aristocrat,Poor wheel quality
Aristocrat,Handle feels weak
Aristocrat,Stylish design and good finish
Aristocrat,Strong build quality
Aristocrat,Lightweight and spacious
Aristocrat,Good zipper and strong handle
Aristocrat,Normal suitcase
Aristocrat,Basic features
Aristocrat,Acceptable quality
Aristocrat,Zipper broke after few uses
Aristocrat,Material feels cheap
Aristocrat,Not spacious as expected
Aristocrat,Very durable and good quality
Aristocrat,Very durable and good quality
Aristocrat,Strong build quality
Aristocrat,Stylish design and good finish
Aristocrat,Average product
Aristocrat,Okay for travel
Aristocrat,Standard luggage
Aristocrat,Handle feels weak
Aristocrat,Poor wheel quality
Aristocrat,Poor wheel quality
Aristocrat,Lightweight and spacious
Aristocrat,Strong build quality
Aristocrat,Stylish design and good finish
Aristocrat,Excellent value for money
Aristocrat,Decent quality
Aristocrat,Basic features
Aristocrat,Decent quality
Aristocrat,Handle feels weak
Aristocrat,Scratches easily
Aristocrat,Poor wheel quality
Aristocrat,Good zipper and strong handle
Aristocrat,Lightweight and spacious
Aristocrat,Strong build quality
Aristocrat,Lightweight and spacious
Aristocrat,Decent quality
Aristocrat,Decent quality
Aristocrat,Standard luggage
Aristocrat,Not durable enough
Aristocrat,Not spacious as expected
Aristocrat,Handle feels weak
